politician_id,name,party,dim_0,dim_1,dim_2,dim_3,dim_4,dim_5,dim_6,dim_7
184332,Mayra Vriesema,BÜNDNIS 90/­DIE GRÜNEN,0.06517053,-0.77273506,0.41072306,-0.11494172,-0.805996,-0.415786,0.8924019,-0.008710831
183275,Lisa Schubert,Die Linke,0.20839585,-0.7136778,-0.26210436,0.5352253,0.0065337457,-0.014591755,0.85154164,-1.1765449
182187,Andrea Lübcke,BÜNDNIS 90/­DIE GRÜNEN,0.111744136,-0.8442338,0.47379732,-0.13333496,-0.8621916,-0.44039398,0.9295968,-0.020213623
182836,Reza Asghari,CDU/CSU,-0.24733022,0.52230406,0.43165204,0.48533785,0.4478709,0.42371428,0.042841367,0.8772255
79014,Carsten Schneider,SPD,-0.21401033,0.43653178,0.30890054,0.43577212,0.35439342,0.3469017,0.05112271,0.62263054
175896,Alexis Giersch,AfD,0.08899021,0.18359421,-0.72673684,-1.106144,-0.014142334,-0.5447805,-0.99881727,-0.3439016
79097,Aydan Özoğuz,SPD,-0.26358008,0.4833061,0.3659155,0.48668215,0.4089547,0.3631906,0.07851675,0.7934573
78834,Mahmut Özdemir,SPD,-0.2963163,0.5073075,0.33591866,0.4729653,0.42495558,0.36515576,0.08763175,0.8198828
66563,Cansu Özdemir,Die Linke,0.25698003,-0.803633,-0.24033858,0.47068778,0.07787838,0.011916799,0.9455834,-1.2545907
175403,Armand Zorn,SPD,-0.24976912,0.46016398,0.30082828,0.4202317,0.36027178,0.32264182,0.06341274,0.69944775
178590,Ulrich von Zons,AfD,0.111669235,0.10071289,-0.6263078,-0.88203,-0.032223795,-0.44577873,-0.80099726,-0.3852154
182827,Vanessa-Kim Zobel,CDU/CSU,-0.21993361,0.44766,0.3346953,0.42201415,0.340482,0.32188293,0.04137422,0.7002208
183503,Jörg Zirwes,AfD,0.13030908,0.13049026,-0.61670935,-0.8259467,-0.08458156,-0.39292702,-0.87858176,-0.29986668
175876,Nicolas Zippelius,CDU/CSU,0.33275917,0.44576424,1.360629,-0.23298842,-0.0044675036,-0.267437,-0.23020205,0.9191801
175914,Diana Zimmer,AfD,0.14425983,0.11653509,-0.5772281,-0.8509107,-0.08286548,-0.41014552,-0.87007034,-0.32540852
78902,Stefan Zierke,SPD,-0.2451625,0.44822517,0.3271579,0.41256607,0.34026408,0.30977142,0.05700262,0.7104935
145878,Paul Ziemiak,CDU/CSU,-0.22718883,0.43829703,0.3299107,0.40678132,0.3313159,0.3054911,0.07018038,0.701872
145732,Kay-Uwe Ziegler,AfD,0.5900208,-0.25799894,-0.9079615,-0.08609466,-0.13904503,0.37774935,-1.1269017,-1.0222173
78904,Emmi Zeulner,CDU/CSU,-0.2337939,0.4475139,0.29348323,0.3974039,0.3362076,0.2880985,0.03931339,0.66686374
183257,Anne Zerr,Die Linke,0.30132732,-0.78859985,-0.14804494,0.40816352,0.016179549,0.034414608,0.6020922,-1.1470287
178558,Daniel Zerbin,AfD,0.08682607,0.18198788,-0.64068514,-0.87546086,-0.040348478,-0.42773688,-0.8548206,-0.36387962
178644,Christian Zaum,AfD,0.10592134,0.15045336,-0.61175483,-0.87502235,-0.043149218,-0.40691522,-0.83198607,-0.35607886
130692,Serdar Yüksel,SPD,-0.240017,0.46106574,0.32315806,0.4043578,0.35986167,0.34641936,0.06715069,0.7122444
149653,Mareike Lotte Wulf,CDU/CSU,-0.26246253,0.45943508,0.3186788,0.43460777,0.37161925,0.33059013,0.040803064,0.68314534
66277,Alexander Wolf,AfD,0.09098084,0.18545072,-0.57532156,-0.9042762,-0.04220005,-0.44351068,-0.8193544,-0.30668488
135302,Janine Wissler,Die Linke,0.20387028,-0.75836146,-0.29040313,0.50267994,0.030493028,0.003962606,0.8160883,-1.209149
133683,Mechthilde Wittmann,CDU/CSU,-0.26081893,0.45923534,0.35103214,0.44748923,0.3792284,0.3347556,0.060580608,0.7092077
150296,Christian Wirth,AfD,0.08743126,0.2226849,-0.6113443,-0.89062524,-0.05761176,-0.39513817,-0.86860377,-0.33339962
146013,Tina Winklmann,BÜNDNIS 90/­DIE GRÜNEN,0.109453745,-0.7932062,0.52484614,-0.09728347,-0.8372337,-0.40941358,0.9639833,0.03736752
142259,Tobias Winkler,CDU/CSU,-0.24524216,0.44250327,0.3441092,0.44986704,0.34741464,0.32979107,0.09570968,0.712841
78916,Elisabeth Winkelmeier-Becker,CDU/CSU,-0.2550546,0.48617277,0.33285022,0.43345672,0.36815676,0.3382986,0.04491453,0.7479484
182855,Johannes Winkel,CDU/CSU,0.3907286,0.13980727,1.2272824,0.10593287,0.1323093,-0.34614402,-0.45460343,1.0615938
78914,Klaus-Peter Willsch,CDU/CSU,-0.25276837,0.4549613,0.31991324,0.4156514,0.36066964,0.33216125,0.067803115,0.7390249
182209,Christin Willnat,Die Linke,0.24107853,-0.7264359,-0.26990923,0.38988805,0.094407685,0.03095738,0.5682743,-1.0024394
78913,Dirk Wiese,SPD,-0.25456282,0.47394967,0.31056058,0.43100923,0.35045666,0.32440034,0.0688268,0.7219867
175862,Klaus Wiener,CDU/CSU,-0.22219439,0.4400473,0.39026502,0.39961416,0.33375716,0.31109512,0.06726356,0.72014475
145806,Wolfgang Wiehle,AfD,0.10143785,0.17155366,-0.617185,-0.90613365,-0.04711187,-0.4439114,-0.83984774,-0.35020995
175895,Johannes Wiegelmann,CDU/CSU,0.48764038,0.2927794,1.2480403,-0.113778315,-0.0013293109,-0.14346114,-0.14482829,1.2358615
78817,Kai Whittaker,CDU/CSU,-0.23656023,0.42739493,0.34351873,0.4231554,0.33613065,0.297572,0.087206356,0.71401554
175968,Sven Wendorf,AfD,0.16543268,0.07895891,-0.6222822,-0.8159659,-0.078036316,-0.3790522,-0.862534,-0.3680186
175867,Maria-Lena Weiss,CDU/CSU,-0.20560504,0.444719,0.34457436,0.3941244,0.31490353,0.29801956,0.100361966,0.7047095
175015,Claudia Weiss,AfD,0.13406818,0.56329906,-0.6099467,-0.56892157,0.31743714,0.032439444,-0.81316555,-1.3932655
78919,Anja Weisgerber,CDU/CSU,-0.23558508,0.5226197,0.3307762,0.45423752,0.3664837,0.35800734,0.07424251,0.76209813
175947,Mathias Weiser,AfD,0.1262884,0.1513871,-0.6133975,-0.8850288,-0.050887518,-0.41372144,-0.841124,-0.35337245
108379,Alice Weidel,AfD,0.098165914,0.156962,-0.5694234,-0.8639753,-0.028585434,-0.39770907,-0.81767774,-0.342951
175409,Carmen Wegge,SPD,-0.22971734,0.45162988,0.33131206,0.41905215,0.3547639,0.3172792,0.070212014,0.7106298
78805,Nina Warken,CDU/CSU,-0.26763377,0.44871956,0.32310832,0.44438478,0.32183933,0.3241499,0.086366944,0.72394764
165836,Daniel Walter,SPD,-0.23804383,0.4444846,0.32023704,0.4211977,0.34989992,0.3211717,0.07728913,0.6988623
175464,Maja Wallstein,SPD,-1.0926639,-0.008445801,1.2248197,0.6116407,0.5747706,-0.10043619,0.41750866,0.33291775
182890,Siegfried Walch,CDU/CSU,-0.24712779,0.4821539,0.32811606,0.43455225,0.29527485,0.33216655,0.077989735,0.71974343
175309,Sascha Wagner,Die Linke,0.24693261,-0.7684942,-0.19159725,0.39601776,-0.029647479,0.030213939,0.586585,-1.1744906
175584,Johannes Wagner,BÜNDNIS 90/­DIE GRÜNEN,0.06933374,-0.7653566,0.53245085,-0.099213324,-0.83067507,-0.39982688,0.94237757,-0.040510897
175410,Carolin Wagner,SPD,-0.32526657,0.4668097,-0.5057381,-0.28748325,-0.44629332,0.5393282,0.54869616,0.9658128
145969,Robin Wagener,BÜNDNIS 90/­DIE GRÜNEN,0.04529538,-0.771797,0.5121214,-0.029403003,-0.82309955,-0.3861545,0.98057735,0.025209019
146020,Niklas Wagener,BÜNDNIS 90/­DIE GRÜNEN,0.07909536,-0.7601062,0.5278291,-0.10194697,-0.8196997,-0.36251262,0.91776246,0.09035655
78818,Johann Wadephul,CDU/CSU,-0.2811072,0.44008586,0.32627067,0.43039194,0.34752658,0.33351868,0.10923507,0.6804752
78938,Dirk Vöpel,SPD,-0.23710482,0.448661,0.31239274,0.42645222,0.3554276,0.32813424,0.06466993,0.70729786
146784,Marja-Liisa Völlers,SPD,-0.2164907,0.44740915,0.35931376,0.4075243,0.30979759,0.30525014,0.050228897,0.7445314
66002,Christoph de Vries,CDU/CSU,-0.2751724,0.551456,0.3939248,0.513081,0.41561696,0.3619853,0.102209054,0.8661954
183219,Sarah Vollath,Die Linke,0.19858295,-0.7831838,-0.356613,0.500532,0.091975935,0.013348742,0.8216394,-1.2225568
182876,Johannes Volkmann,CDU/CSU,0.46223602,0.23070441,1.2733656,-0.15702567,0.17003034,-0.028656844,-0.21386774,1.0871409
170273,Donata Vogtschmidt,Die Linke,0.23479094,-0.8293601,-0.28642192,0.47585082,-0.0426782,0.018800031,0.6404842,-1.1140698
145876,Oliver Vogt,CDU/CSU,-0.21872543,0.42765987,0.33168882,0.38148797,0.3527454,0.2911241,0.053129114,0.67525166
182935,Ingo Vogel,SPD,-0.23384994,0.48025775,0.30175698,0.3966198,0.309371,0.33071604,0.0072290506,0.70660776
145877,Kerstin Vieregge,CDU/CSU,-0.2492404,0.4225729,0.3231518,0.41985103,0.34989518,0.3199083,0.05980152,0.7164229
78944,Julia Verlinden,BÜNDNIS 90/­DIE GRÜNEN,0.13382114,-0.7479311,0.41541442,-0.10524054,-0.7594678,-0.36252373,0.9060556,0.007420998
31073,Isabelle Vandre,Die Linke,0.21072188,-0.7905197,-0.17791936,0.48559928,0.02314542,0.04673062,0.6792211,-1.1604187
183231,Aaron Valent,Die Linke,0.17854364,-0.8194628,-0.2450712,0.30989856,-0.021962455,-0.08882414,0.6161953,-1.1235008
183483,Martina Uhr,AfD,0.09942035,0.16508307,-0.540447,-0.8545879,0.003403502,-0.40263316,-0.862062,-0.34476745
175599,Katrin Uhlig,BÜNDNIS 90/­DIE GRÜNEN,0.08891668,-0.77497387,0.5323358,-0.07754152,-0.83390737,-0.33875474,0.94882476,0.05338001
175419,Derya Türk-Nachbaur,SPD,-0.2263413,0.46082857,0.37147844,0.43343267,0.3349167,0.2975817,0.095633395,0.7591143
136824,Markus Töns,SPD,-0.25055733,0.4480001,0.32453498,0.41225508,0.34179887,0.3167535,0.08889922,0.7139951
78821,Carsten Träger,SPD,-0.26138648,0.44647697,0.32855305,0.4170123,0.34244475,0.31748208,0.064685136,0.6975698
175394,Anja Troff-Schaffarzyk,SPD,-0.24276875,0.45529956,0.31846473,0.42950487,0.3669754,0.32415104,0.051375035,0.6953052
180245,Bastian Treuheit,AfD,0.09239511,0.16574726,-0.6766033,-0.8882658,-0.018967757,-0.43087113,-0.8101598,-0.307164
175351,Gerhard Trabert,Die Linke,7.569807e-39,6.039043e-39,-3.220603e-39,4.717059e-39,6.895046e-39,1.98625e-39,2.804053e-39,4.056595e-39
78958,Astrid Timmermann-Fechter,CDU/CSU,-0.24557793,0.39032692,0.3398847,0.4060939,0.35877714,0.29302973,0.07963486,0.68187505
108605,Alexander Throm,CDU/CSU,-0.24749686,0.4567845,0.33442304,0.41941816,0.3505107,0.3239546,0.06523046,0.71356124
178690,Ulrich Thoden,Die Linke,0.18852729,-0.72520536,-0.23854098,0.48781505,0.0626519,0.017869035,0.81812555,-1.1476803
78960,Michael Thews,SPD,-0.24573915,0.46373937,0.32247853,0.43581453,0.3527309,0.33697236,0.06348627,0.70461786
158687,Hans Theiss,CDU/CSU,-0.22898774,0.45693386,0.33571345,0.41624776,0.3631336,0.3344282,0.07262746,0.72364634
138346,Roland Theis,CDU/CSU,-0.25199035,0.455877,0.32678136,0.4455433,0.3491082,0.3137343,0.06821937,0.7107283
181949,Robert Teske,AfD,0.7001126,-0.078386374,-0.80800545,-0.074704245,-0.30361328,0.40892255,-1.2865667,-0.98532087
175538,Awet Tesfaiesus,BÜNDNIS 90/­DIE GRÜNEN,0.090705596,-0.7800286,0.4967057,-0.06458038,-0.816295,-0.37025544,0.9344262,0.018989485
158594,Tobias Teich,AfD,0.15613824,0.08770607,-0.62174106,-0.8072513,-0.05041986,-0.37006104,-0.8310336,-0.39288834
182828,Vivian Tauschwitz,CDU/CSU,-0.25546098,0.48110342,0.3247042,0.42378002,0.37279296,0.3327599,0.04330107,0.743734
175488,Ruppert Stüwe,SPD,-0.2315666,0.45936006,0.324828,0.4533479,0.34265035,0.34172478,0.09631316,0.695871
177578,Christina Stumpp,CDU/CSU,-0.25282186,0.45094565,0.32267526,0.46122313,0.359048,0.33196577,0.09478702,0.7179698
182851,Hendrik Streeck,CDU/CSU,-0.19444829,0.4365218,0.3487052,0.3817939,0.32589534,0.27853233,0.023829112,0.6989737
175953,Otto Strauß,AfD,0.07926603,0.15695322,-0.6175061,-0.88088405,-0.014362702,-0.42607823,-0.84522235,-0.39163363
182862,Katja Strauss-Köster,CDU/CSU,-0.23390564,0.45571744,0.30543905,0.42258722,0.32480463,0.30202746,0.045929827,0.7392885
78976,Stephan Stracke,CDU/CSU,-0.26073918,0.4726139,0.32544732,0.42870417,0.35776612,0.3435278,0.05290651,0.7455745
29202,Beatrix von Storch,AfD,0.09332883,0.24664775,-0.61156446,-0.8752372,0.012687557,-0.34363347,-0.877471,-0.41879916
78979,Dieter Stier,CDU/CSU,-0.2553378,0.46211168,0.30966464,0.41877276,0.33245084,0.33121845,0.104386985,0.7205841
78939,Christian von Stetten,CDU/CSU,-0.24296363,0.44563475,0.3091603,0.4518554,0.34497446,0.35702834,0.080693215,0.7227712
175972,Thomas Stephan,AfD,0.1456665,0.5445248,-0.5216553,-0.6762596,0.23460154,0.088744864,-0.9145094,-1.2734586
164996,Hanna Steinmüller,BÜNDNIS 90/­DIE GRÜNEN,0.06544623,-0.7719521,0.50036985,-0.082461104,-0.81373787,-0.36666617,0.89087325,0.08305519
78797,Johannes Steiniger,CDU/CSU,-0.25293487,0.4631849,0.33002636,0.44711015,0.36898887,0.34103334,0.08182653,0.7194194
182839,Sebastian Steineke,CDU/CSU,-0.24373661,0.44368994,0.33896628,0.42581993,0.34972697,0.31773213,0.033190195,0.7309049
183064,Sandra Stein,BÜNDNIS 90/­DIE GRÜNEN,0.099330604,-0.8102554,0.49672374,-0.084373355,-0.8121389,-0.38281476,0.8974915,0.014204163
139062,Ralf Stegner,SPD,-0.2240774,0.43366456,0.32674628,0.41363665,0.33959788,0.3068557,0.08183937,0.71579474
78981,Albert Stegemann,CDU/CSU,-0.23149924,0.43546245,0.3285881,0.42245755,0.35421768,0.30749816,0.07063476,0.7056738
78988,Wolfgang Stefinger,CDU/CSU,-0.25129494,0.43681878,0.3274602,0.41533932,0.35995618,0.3215864,0.057516173,0.6958248
66475,Till Steffen,BÜNDNIS 90/­DIE GRÜNEN,0.1733498,-0.79618365,0.43806282,-0.13877586,-0.8081102,-0.39899063,0.9208448,0.068742774
183211,Julia-Christina Stange,Die Linke,0.2268868,-0.768314,-0.35572273,0.50034595,0.07416717,-0.009040711,0.793686,-1.2966641
145898,Katrin Staffler,CDU/CSU,-0.25609538,0.4698383,0.31898862,0.43851954,0.3609808,0.33500028,0.059485305,0.7175868
78996,Svenja Stadler,SPD,-0.23397167,0.4311653,0.32793173,0.41776878,0.35416088,0.3472077,0.09873967,0.72766185
145723,René Springer,AfD,0.07250764,0.20742413,-0.5577935,-0.918976,-0.06328795,-0.40991753,-0.87256604,-0.29752287
78993,Jens Spahn,CDU/CSU,-0.23582059,0.4571497,0.3107676,0.42707258,0.34122753,0.33091858,0.06497224,0.68705547
78992,Tino Sorge,CDU/CSU,-0.23956761,0.4358614,0.33226234,0.4336173,0.3308054,0.32896185,0.09014096,0.7012777
164992,Nyke Slawik,BÜNDNIS 90/­DIE GRÜNEN,0.10761228,-0.7685007,0.5147116,-0.07773318,-0.8244062,-0.30945075,0.91384447,0.017487511
145888,Björn Simon,CDU/CSU,-0.24698126,0.4627283,0.3441511,0.4514527,0.3553766,0.3500797,0.05494796,0.7596162
78831,Thomas Silberhorn,CDU/CSU,-0.24054047,0.45949957,0.33434185,0.41963732,0.34642655,0.32676518,0.06363686,0.7206094
145823,Martin Sichert,AfD,0.5681092,-0.24390046,-0.903652,-0.1847153,-0.017985186,0.3347865,-1.2679417,-0.99086833
175519,Lina Seitzl,SPD,-0.2295766,0.4370555,0.32073393,0.39662364,0.32625148,0.30639884,0.08662791,0.6571653
182873,Nora Seitz,CDU/CSU,-0.23351152,0.42145124,0.30839995,0.4000297,0.3775239,0.33179292,0.0405642,0.7124445
183482,Dario Seifert,AfD,0.08288323,0.21106498,-0.6230619,-0.82479596,-0.03128336,-0.3507361,-0.7889826,-0.46919027
78825,Detlef Seif,CDU/CSU,-0.2533801,0.46348616,0.33091038,0.4275814,0.3637612,0.33289188,0.06542384,0.7320707
176316,Stefan Seidler,fraktionslos,-0.6777024,-0.027447205,-0.6362626,0.9213751,-0.8705705,-0.0011154074,2.3612478,-0.023465024
175370,Evelyn Schötz,Die Linke,0.20049112,-0.7659224,-0.32148725,0.51588625,0.053944074,-0.041024365,0.79435945,-1.2579272
158733,Marlene Schönberger,BÜNDNIS 90/­DIE GRÜNEN,0.09111047,-0.81097203,0.49302673,-0.12678923,-0.8504228,-0.42388052,0.8883363,0.008457437
175522,Johannes Schätzl,SPD,-0.24319799,0.47307277,0.2924405,0.4139978,0.34930253,0.31506675,0.03300085,0.7059537
175649,Sebastian Schäfer,BÜNDNIS 90/­DIE GRÜNEN,0.08675806,-0.7471818,0.5417598,-0.13660999,-0.83515173,-0.4047728,0.90408254,0.04764117
175580,Jamila Anna Schäfer,BÜNDNIS 90/­DIE GRÜNEN,0.09403969,-0.65588224,0.36978734,-0.013930535,-0.6198557,-0.27407834,0.7741589,-0.057136294
180854,Ines Schwerdtner,Die Linke,0.13897282,-0.7042775,-0.28450266,0.49587184,0.07388107,-0.049562145,0.7761085,-1.1732186
79001,Rita Schwarzelühr-Sutter,SPD,-0.21981521,0.45091397,0.36276087,0.42363903,0.35600957,0.3159657,0.0657714,0.7252565
79000,Andreas Schwarz,SPD,-0.2218217,0.4361325,0.3265016,0.42000702,0.3545031,0.31383124,0.052185006,0.7016395
78999,Stefan Schwartze,SPD,-0.23847061,0.45961785,0.35679936,0.38858113,0.32591036,0.29993156,0.059066385,0.7014158
78998,Frank Schwabe,SPD,-0.23963088,0.4399606,0.31093532,0.42471322,0.3740336,0.32471693,0.06826083,0.67421883
131019,Svenja Schulze,SPD,-0.23955593,0.45768142,0.33367118,0.42918485,0.35247105,0.3267984,0.08258169,0.7105706
145770,Uwe Schulz,AfD,0.19846319,0.10250086,-0.5810486,-0.7182198,-0.0071099997,-0.23420803,-0.75790346,-0.4405729
182848,Marvin Schulz,CDU/CSU,0.6921371,0.32770225,1.346815,-0.22008808,0.29581887,-0.12342939,-0.23606966,0.8987344
175905,Bernd Schuhmann,AfD,0.20051117,0.13418216,-0.6122275,-0.71908104,-0.0578715,-0.27658585,-0.83369493,-0.4593278
170151,Stefan Schröder,AfD,0.09587493,0.15120454,-0.54679686,-0.85131025,-0.09108488,-0.41279012,-0.7684026,-0.31452292
183529,Georg Schroeter,AfD,0.112222984,0.095936276,-0.5193719,-0.8962558,0.09844648,-0.64856327,-0.8391326,-0.57375234
121738,Michael Schrodi,SPD,-0.24954568,0.46715432,0.3283395,0.41870317,0.36918837,0.353721,0.054831773,0.73804474
108783,Felix Schreiner,CDU/CSU,-0.24587008,0.45276284,0.3082984,0.419694,0.31396928,0.3207475,0.05232099,0.7218349
29441,Johannes Schraps,SPD,-0.26428583,0.46404585,0.3124235,0.40392214,0.36410943,0.36061978,0.044788,0.7277823
66924,Olaf Scholz,SPD,-0.27450037,0.47018197,0.33743006,0.42772496,0.34835726,0.32373756,0.037299138,0.72914636
78836,Patrick Schnieder,CDU/CSU,-0.26070836,0.45180255,0.3350086,0.43385887,0.37152174,0.33677793,0.08667769,0.71724075
176576,Julia Schneider,BÜNDNIS 90/­DIE GRÜNEN,0.070962876,-0.75957066,0.4803854,-0.08564361,-0.78541356,-0.37330157,0.91696125,0.047277834
140944,Uwe Schmidt,SPD,-0.22098485,0.44486105,0.3032437,0.4341687,0.32328922,0.34444302,0.04699708,0.68533766
121977,Stefan Schmidt,BÜNDNIS 90/­DIE GRÜNEN,0.08713532,-0.76528895,0.44280162,-0.10575204,-0.7869865,-0.33418196,0.9161739,0.053998437
182821,Sebastian Schmidt,CDU/CSU,-0.24074745,0.44143784,0.33854854,0.41683316,0.31985822,0.30583116,0.10671497,0.7234828
108815,Paul Schmidt,AfD,0.109804995,0.19130637,-0.6349326,-0.8909095,-0.050293796,-0.4241334,-0.87906885,-0.34306127
145768,Julian Schmidt,AfD,0.16892923,0.1165063,-0.6270568,-0.859965,-0.077148914,-0.40942138,-0.93918294,-0.39451936
152755,Jan Wenzel Schmidt,fraktionslos,0.08788768,0.17617577,-0.61128545,-0.8638016,-0.012275077,-0.41171107,-0.82306075,-0.3412356
66004,Henri Schmidt,CDU/CSU,-0.26337636,0.46458712,0.30860054,0.41462737,0.3551949,0.32240674,0.06161193,0.7163035
79036,Dagmar Schmidt,SPD,-0.23213209,0.45824525,0.34250295,0.4156091,0.3724298,0.32287368,0.045768976,0.70680666
108960,Nils Schmid,SPD,-0.25422713,0.46002737,0.35489345,0.4357804,0.35441637,0.3312153,0.07971349,0.7343306
141311,Christoph Schmid,SPD,-0.22826424,0.4287573,0.33925262,0.41331753,0.3374443,0.29824638,0.08204277,0.69498736
175286,David Schliesing,Die Linke,0.21134959,-0.7312217,-0.35813755,0.524323,0.08112874,-0.03403716,0.74678534,-1.2227126
175942,Manfred Schiller,AfD,0.0969557,0.156745,-0.6005673,-0.826243,-0.04008633,-0.3549395,-0.8250348,-0.35734582
180235,Carina Schießl,AfD,0.09968753,0.16191421,-0.59147435,-0.8906276,-0.034165625,-0.42422137,-0.84575313,-0.33466452
168672,Lars Schieske,AfD,0.10270882,0.17023867,-0.59796625,-0.9283602,-0.059321128,-0.4370559,-0.8564246,-0.35020474
123546,Ulrike Schielke-Ziesing,AfD,0.111641765,0.17882137,-0.60656124,-0.8556182,-0.01216859,-0.35407022,-0.8579256,-0.41103986
175017,Volker Scheurell,AfD,0.09575397,0.17554133,-0.581369,-0.8790322,-0.04629188,-0.36236235,-0.86615986,-0.34674266
170325,Christiane Schenderlein,CDU/CSU,-0.20607278,0.45035923,0.34233266,0.39480573,0.34134716,0.301897,-0.0024329394,0.73309904
175956,Raimond Scheirich,AfD,0.109646425,0.16089836,-0.6048756,-0.918324,-0.082096085,-0.46420625,-0.8439902,-0.33707225
79023,Nina Scheer,SPD,-0.2483041,0.4546391,0.3072984,0.4037835,0.34161448,0.3103967,0.06114789,0.7025808
79021,Ulle Schauws,BÜNDNIS 90/­DIE GRÜNEN,0.14098547,-0.8274787,0.47768348,-0.123088576,-0.8616848,-0.39151534,0.86944115,-0.015909974
175904,Bernd Schattner,AfD,0.67799515,-0.34016567,-0.82346016,-0.15257648,-0.32440445,0.21247742,-1.2576814,-0.66502255
182856,Carl-Philipp Sassenrath,CDU/CSU,-0.2448888,0.44719455,0.32122836,0.4253035,0.34323803,0.3252382,0.08430112,0.6828005
175836,Catarina dos Santos-Wintz,CDU/CSU,-0.27662802,0.5553549,0.39110383,0.46185705,0.36446202,0.37518904,0.0009854832,0.83329535
184320,Zada Salihović,Die Linke,0.18283711,-0.7618104,-0.3455236,0.59520125,0.085088715,-0.017228667,0.81170964,-1.1999333
175594,Kassem Taher Saleh,BÜNDNIS 90/­DIE GRÜNEN,0.08671007,-0.72048646,0.45781416,-0.05892298,-0.82462233,-0.33735067,0.9431115,0.024569327
79032,Johann Saathoff,SPD,-0.23853734,0.45876217,0.3406548,0.463599,0.35313147,0.3412707,0.07031668,0.7428358
79051,Bernd Rützel,SPD,-0.2547845,0.44094867,0.3423223,0.44225824,0.35003346,0.32819584,0.09091289,0.72101486
79046,Corinna Rüffer,BÜNDNIS 90/­DIE GRÜNEN,0.21456696,-0.8255464,0.34237117,-0.12938547,-0.6779587,-0.39309204,0.8375117,-0.17193088
73300,Thomas Röwekamp,CDU/CSU,-0.22213794,0.45796266,0.3435229,0.39399412,0.34790683,0.31543577,0.05811852,0.67135924
79043,Norbert Röttgen,CDU/CSU,-0.24986726,0.44386694,0.30221826,0.39665106,0.33237678,0.30707085,0.06908571,0.7095932
79047,Albert Rupprecht,CDU/CSU,-0.24197485,0.42979333,0.2963675,0.38963667,0.35157672,0.27298406,0.052970607,0.66960466
145843,Ruben Rupp,AfD,0.04116877,0.19561286,-0.489707,-0.9030647,-0.14056684,-0.39155555,-0.82904845,-0.22765249
182913,Daniela Rump,SPD,-0.23055875,0.4683473,0.32813534,0.4115953,0.35520223,0.33060127,0.045906547,0.70091593
183489,Angela Rudzka,AfD,0.14275788,0.20059508,-0.5456143,-0.5158422,0.06927982,-0.16019523,-0.5477299,-0.5393138
175502,Thorsten Rudolph,SPD,-0.23758593,0.46892425,0.33736593,0.44660383,0.35167426,0.3401292,0.06738022,0.7045448
145872,Stefan Rouenhoff,CDU/CSU,-0.2576966,0.48245203,0.33111304,0.44183618,0.33717328,0.33513293,0.07593215,0.7327947
182949,Philipp Rottwilm,SPD,-0.24571401,0.47045046,0.31130856,0.3950952,0.3528963,0.321285,0.04987371,0.7141219
165158,Rainer Rothfuß,AfD,0.17280276,0.08273987,-0.6355055,-0.78836745,-0.10447871,-0.3125605,-0.8920186,-0.42503858
182900,Johannes Rothenberger,CDU/CSU,-0.23877272,0.44104314,0.31305358,0.42804226,0.34631473,0.33810413,0.08453586,0.6917815
79041,Claudia Roth,BÜNDNIS 90/­DIE GRÜNEN,0.13254635,-0.733574,0.42953095,-0.09317875,-0.754408,-0.36430636,0.9385221,0.010635786
146839,Sebastian Roloff,SPD,-0.25960633,0.4615448,0.32774663,0.4333698,0.35277644,0.33587584,0.07444834,0.704519
30936,Lars Rohwer,CDU/CSU,-0.23495962,0.4223897,0.31856787,0.43988284,0.32696295,0.34497166,0.06390122,0.705493
79066,Dennis Rohde,SPD,-0.22520557,0.45638627,0.3493622,0.40988156,0.33089387,0.29728514,0.04716717,0.7180306
146806,Daniel Rinkert,SPD,-0.25749394,0.4519888,0.32331488,0.46413332,0.35789907,0.38076293,0.06701565,0.7131698
183055,Sylvia Rietenberg,BÜNDNIS 90/­DIE GRÜNEN,0.118191436,-0.70876014,0.52935964,-0.07408448,-0.83337206,-0.3479291,0.9144293,-0.0129666375
181741,Matthias Rentzsch,AfD,0.11259924,0.1481584,-0.6311996,-0.9004525,-0.037969664,-0.43501174,-0.8584402,-0.352551
121673,Martin Erwin Renner,AfD,0.051065233,0.22616392,-0.53811526,-0.82833433,-0.055544216,-0.34917024,-0.8356503,-0.27794746
180856,Lea Reisner,Die Linke,0.21227421,-0.7529804,-0.33366528,0.5404917,0.0977291,0.022776026,0.74688375,-1.2444924
146043,Anja Reinalter,BÜNDNIS 90/­DIE GRÜNEN,0.082472414,-0.7795132,0.5380189,-0.10966858,-0.8219192,-0.37824348,0.9378928,0.059227772
149570,Heidi Reichinnek,Die Linke,0.12404652,-0.7465762,-0.25933132,0.52587014,0.06514009,0.05190549,0.803922,-1.1797348
175869,Markus Reichel,CDU/CSU,-0.24931243,0.47006807,0.32679334,0.42808986,0.3426125,0.33008635,0.047398597,0.7219368
182905,Truels Reichardt,SPD,-0.2525745,0.4845457,0.31595612,0.4252765,0.33966815,0.32312226,0.042572077,0.7237417
150298,Martin Reichardt,AfD,0.1710984,0.098849766,-0.61448294,-0.72816306,-0.08141265,-0.28267115,-0.8656695,-0.44498238
175940,Lukas Rehm,AfD,0.1059996,0.13725199,-0.546365,-0.90550756,-0.020042721,-0.39883485,-0.8569328,-0.36283275
130301,Henning Rehbaum,CDU/CSU,-0.25234583,0.4695871,0.32461485,0.44115585,0.3683142,0.3235859,0.06126411,0.7234231
182879,Pascal Reddig,CDU/CSU,0.6032124,0.52100545,1.2703079,0.0075820438,0.13838762,-0.26428646,-0.1750963,0.90536445
183533,Christian Reck,AfD,0.11364034,0.18466528,-0.61124223,-0.84776294,-0.026023572,-0.35622272,-0.85286236,-0.43857715
182324,Arne Onni Raue,AfD,0.070066944,0.1950911,-0.53734964,-0.8291266,-0.019895095,-0.39507622,-0.7877285,-0.3032562
31607,Bodo Ramelow,Die Linke,0.18189351,-0.73299295,-0.258405,0.5052079,0.10523686,0.014346528,0.77503484,-1.2312694
79067,Alois Rainer,CDU/CSU,-0.24528882,0.44790047,0.33599493,0.42102575,0.34438974,0.30655846,0.09160588,0.707614
79069,Alexander Radwan,CDU/CSU,-0.2680159,0.43711358,0.35368615,0.46436533,0.3628905,0.33904043,0.101489104,0.7096597
79070,Kerstin Radomski,CDU/CSU,-0.25338337,0.43049416,0.32074657,0.416395,0.3564096,0.2983399,0.050162386,0.6954573
79071,Thomas Rachel,CDU/CSU,-0.21659492,0.45588547,0.3095631,0.3779751,0.35951045,0.31206736,0.05135574,0.6921936
79073,Martin Rabanus,SPD,-0.23650324,0.44902888,0.31598967,0.41632527,0.35114715,0.30581978,0.06578094,0.6941406
179282,Marcel Queckemeyer,AfD,0.074127294,0.19518872,-0.6561172,-1.008435,-0.03717234,-0.53089577,-0.9165074,-0.32141942
182865,Oliver Pöpsel,CDU/CSU,-0.23791619,0.48954085,0.33819228,0.45043704,0.37611774,0.34401932,0.036238138,0.8176933
183481,Kerstin Przygodda,AfD,0.10576598,0.19967052,-0.6312258,-0.9812134,-0.08646233,-0.44839096,-0.8958375,-0.32834977
121997,Stephan Protschka,AfD,0.10467242,0.18666767,-0.6432032,-0.95902795,-0.015677815,-0.4447398,-0.94326705,-0.31091848
182896,David Preisendanz,CDU/CSU,-0.22735073,0.50590265,0.37916747,0.46052283,0.3726918,0.3449825,0.07197331,0.7938712
79077,Sabine Poschmann,SPD,-0.2534113,0.49725187,0.34602994,0.4499356,0.3989175,0.3481165,0.061157946,0.787005
136013,Filiz Polat,BÜNDNIS 90/­DIE GRÜNEN,0.111707315,-0.85588974,0.5193723,-0.12207821,-0.9102959,-0.43891194,0.9641005,0.11798665
178149,Jan-Wilhelm Pohlmann,CDU/CSU,-0.2647916,0.50080836,0.3765879,0.47003412,0.39702955,0.35332552,0.052071054,0.7970048
175871,Martin Plum,CDU/CSU,-0.27470198,0.54832643,0.3727717,0.46924824,0.3831109,0.359818,0.072436854,0.8249869
66005,Christoph Ploß,CDU/CSU,-0.29001117,0.4782095,0.25829428,0.46419266,0.34816486,0.3448203,0.08624199,0.85332566
149389,Boris Pistorius,SPD,-0.25003976,0.5150914,0.33252227,0.46714,0.38801327,0.3738734,0.06301925,0.8234152
145901,Stephan Pilsinger,CDU/CSU,-0.28237706,0.48173103,0.37481043,0.45211396,0.41934192,0.34062967,0.10193659,0.81557816
31707,Paula Piechotta,BÜNDNIS 90/­DIE GRÜNEN,0.14078644,-0.866123,0.57816553,-0.12712386,-0.9282166,-0.4884899,0.9856918,0.08400762
122063,Tobias Matthias Peterka,AfD,0.3515294,0.5537937,-0.5681358,-0.8553757,0.30764124,0.15515393,-0.91336477,-1.3649776
146117,Sören Pellmann,Die Linke,0.22524014,-0.8392555,-0.30256307,0.59308654,0.12984937,-0.005859972,0.9015371,-1.2948678
175443,Jens Peick,SPD,-0.28264737,0.48635346,0.36649102,0.46036205,0.3951462,0.3540434,0.08077101,0.81964546
146824,Natalie Pawlik,SPD,-0.26434737,0.49426517,0.33963048,0.46238846,0.3839658,0.34624797,0.08415338,0.8177509
79090,Lisa Paus,BÜNDNIS 90/­DIE GRÜNEN,0.15826899,-0.8830111,0.55696654,-0.16762409,-0.83381546,-0.51162755,1.0321355,0.10458621
182877,Thomas Pauls,CDU/CSU,-0.25567314,0.55633706,0.36114365,0.50133413,0.36178523,0.36316186,0.08249797,0.78627723
184319,Denis Pauli,AfD,0.13940348,0.15155011,-0.6908923,-0.9890946,-0.015040553,-0.47179314,-0.9209295,-0.37757537
145700,Andreas Paul,AfD,0.11698791,0.20621262,-0.69684875,-0.97652555,-0.015839156,-0.43435517,-0.902967,-0.45423165
175374,Luigi Pantisano,Die Linke,0.16842501,-0.8454618,-0.2753141,0.5872593,0.113485485,0.002353797,0.8255402,-1.3192602
136381,Christos Pantazis,SPD,-0.25734985,0.4784375,0.39341536,0.5029203,0.3786775,0.39164522,0.07696944,0.8091442
79108,Florian Oßner,CDU/CSU,-0.26403186,0.517593,0.36124194,0.4687036,0.378981,0.35361937,0.081022136,0.8088165
145808,Gerold Otten,AfD,0.093388356,0.19952914,-0.61940765,-0.98503137,-0.025529694,-0.49959314,-0.9283842,-0.36288062
175593,Karoline Otte,BÜNDNIS 90/­DIE GRÜNEN,0.12773798,-0.8750884,0.5918714,-0.18703566,-0.93616945,-0.4773012,1.0053805,0.05751326
145890,Josef Oster,CDU/CSU,-0.27026814,0.5199266,0.36468908,0.45683447,0.4122594,0.36330736,0.049494132,0.82444316
146867,Josephine Ortleb,SPD,-0.2543566,0.5045494,0.3466512,0.45736095,0.39095515,0.36511657,0.053936608,0.77134454
182887,Harald Orthey,CDU/CSU,-0.25212514,0.5045905,0.35618705,0.44453892,0.40315154,0.3574585,0.07598075,0.8083736
175848,Florian Oest,CDU/CSU,-0.27069134,0.47799763,0.3485728,0.47277132,0.44326288,0.34206945,0.05939811,0.79991764
79106,Wilfried Oellers,CDU/CSU,-0.2677723,0.5027612,0.38591206,0.47750878,0.38883325,0.3613868,0.079122424,0.8182649
79103,Omid Nouripour,BÜNDNIS 90/­DIE GRÜNEN,0.12503572,-0.906154,0.49703166,-0.100483455,-0.9121082,-0.4672787,0.96084374,0.00025514886
78819,Konstantin von Notz,BÜNDNIS 90/­DIE GRÜNEN,0.038490232,-0.6881776,0.5434959,-0.07617395,-0.7816206,-0.30698076,0.8700347,0.10221284
145764,Jan Ralf Nolte,AfD,0.11466624,0.19857247,-0.586018,-0.96137065,-0.093883574,-0.4823962,-0.83134335,-0.37921348
110154,Iris Nieland,AfD,0.952428,-0.36373013,-1.0067321,-0.17878132,-0.8091654,-0.20860057,-1.4866375,0.033985015
121794,Ophelia Nick,BÜNDNIS 90/­DIE GRÜNEN,0.11209712,-0.8866838,0.5801044,-0.14056706,-0.92769426,-0.45520234,1.007634,0.08929607
184031,Charlotte Neuhäuser,Die Linke,0.17973325,-0.84717536,-0.2922788,0.51972246,0.096527785,0.0341816,0.8989387,-1.2821951
175916,Edgar Naujok,AfD,0.7803757,-0.30480272,-0.78218824,-0.08319027,-0.14038002,0.5582735,-1.435798,-0.9031651
175484,Rasha Nasr,SPD,-0.26946878,0.48408273,0.35973117,0.44027835,0.39540356,0.34778503,0.07909988,0.8049541
175643,Sara Nanni,BÜNDNIS 90/­DIE GRÜNEN,0.080702625,-0.9087981,0.4815794,-0.090910405,-0.91258353,-0.45143634,0.97795415,0.05476765
130574,Stefan Nacke,CDU/CSU,-0.24370742,0.47048163,0.3794752,0.45883363,0.40119678,0.33372736,0.0772909,0.8096861
78838,Rolf Mützenich,SPD,-0.2380726,0.4929177,0.30796376,0.46558425,0.4075429,0.34173584,0.04547475,0.7619092
145795,Sebastian Münzenmaier,AfD,0.097236015,0.15916222,-0.63387966,-0.9464193,0.04514626,-0.44097963,-0.9319662,-0.3127429
145867,Sepp Müller,CDU/CSU,-0.2511038,0.50990087,0.3678699,0.4628344,0.39906898,0.3539874,0.070288636,0.81272584
146018,Sascha Müller,BÜNDNIS 90/­DIE GRÜNEN,0.12330742,-0.84248537,0.6135632,-0.14943993,-0.9336883,-0.4946649,0.96863395,0.006444866
175894,Florian Müller,CDU/CSU,-0.2966947,0.48153004,0.22652659,0.50820005,0.38351643,0.34123924,0.111063324,0.8897658
121017,Claudia Müller,BÜNDNIS 90/­DIE GRÜNEN,0.1524509,-0.8956439,0.5557455,-0.19614415,-0.9459514,-0.4764278,0.99527377,0.029342996
79116,Carsten Müller,CDU/CSU,-0.26299068,0.5156373,0.3110565,0.45326012,0.4023131,0.35312653,0.06407649,0.788949
145896,Axel Müller,CDU/CSU,-0.2809562,0.4897414,0.3900346,0.49416655,0.40335733,0.36195108,0.09879359,0.79589045
97972,Stefan Möller,AfD,0.9258324,-0.5767336,-0.96547806,-0.3442271,-0.53083086,-0.129593,-1.4027064,-0.075989425
146780,Siemtje Möller,SPD,-0.24875323,0.51144886,0.36446163,0.43345344,0.35067672,0.33348164,0.07525794,0.82595116
182888,Christian Moser,CDU/CSU,-0.29521513,0.5083387,0.37217566,0.4955129,0.35502857,0.38516477,0.08062604,0.81180435
176762,Matthias Moosdorf,AfD,0.18132178,0.20692846,-0.6619422,-0.82370466,-0.14436682,-0.31456575,-0.9134698,-0.37150958
146801,Claudia Moll,SPD,-0.25030988,0.57282126,0.33262038,0.50321513,0.35405868,0.38181496,0.099126235,0.80428064
158609,Reinhard Mixl,AfD,0.07900983,0.2143986,-0.6848045,-0.9909258,-0.0018348494,-0.48451728,-0.9385918,-0.306685
108876,Sahra Mirow,Die Linke,0.24968399,-0.7683424,-0.21080196,0.5613971,0.0736591,-0.04791111,0.87010485,-1.331755
166077,Sergej Minich,AfD,0.110282406,0.18995225,-0.67320853,-0.9968634,0.015671298,-0.48459843,-0.8679324,-0.33292538
145984,Boris Mijatović,BÜNDNIS 90/­DIE GRÜNEN,0.09375101,-0.84397817,0.5772949,-0.12245357,-0.881017,-0.38784564,1.0070454,0.074185655
79129,Irene Mihalic,BÜNDNIS 90/­DIE GRÜNEN,0.11326273,-0.91404384,0.3261116,-0.112276964,-0.92494696,-0.42365113,1.0564445,0.2076688
175471,Matthias Mieves,SPD,-0.2687212,0.510302,0.365586,0.46231478,0.3984033,0.3594311,0.09362507,0.8056819
79133,Matthias Miersch,SPD,-0.26036596,0.4931407,0.38328722,0.4633429,0.37824944,0.3444124,0.095390186,0.8222221
79132,Mathias Middelberg,CDU/CSU,-0.24832839,0.5139072,0.35204482,0.4661679,0.3968979,0.3554481,0.06932478,0.8082609
168396,Kathrin Michel,SPD,-0.28304076,0.5210204,0.36476976,0.47168761,0.40224805,0.35629243,0.091386855,0.81328094
145921,Swantje Michaelsen,BÜNDNIS 90/­DIE GRÜNEN,0.028981607,-0.87709403,0.52019465,-0.1359147,-0.9753074,-0.432222,0.9592949,0.047686033
183528,Knuth Meyer-Soltau,AfD,0.09665568,0.17317933,-0.6513053,-0.97662395,-0.016646931,-0.510295,-0.8805731,-0.35520914
78847,Jan Metzler,CDU/CSU,-0.27254966,0.5172032,0.3661695,0.45366707,0.38777816,0.35741124,0.0453299,0.814435
118559,Friedrich Merz,CDU/CSU,-0.26049745,0.5154341,0.33024922,0.45620835,0.3999562,0.37594524,0.05086601,0.7397515
183186,Stella Merendino,Die Linke,0.15800002,-0.81896865,-0.27377227,0.321173,0.0356181,-0.031443212,0.4299315,-1.103237
79135,Michael Meister,CDU/CSU,-0.2490681,0.5227037,0.36513078,0.46513918,0.3967802,0.3722592,0.07085574,0.7803766
117904,Pascal Meiser,Die Linke,0.21000086,-0.833845,-0.30030203,0.503126,0.080459245,-0.0531371,0.8645448,-1.3488171
145703,Danny Meiners,AfD,0.098513976,0.16965863,-0.68944687,-1.0187185,-0.011603606,-0.4990691,-0.9501435,-0.3581765
183154,Tamara Mazzi,Die Linke,0.35081273,-0.87742805,-0.2297214,0.5271265,0.072171494,0.012062334,0.7730882,-1.2739109
175888,Volker Mayer-Lay,CDU/CSU,-0.26620364,0.5037446,0.36319074,0.48421675,0.4034746,0.38939458,0.102233216,0.8392065
175679,Zoe Mayer,BÜNDNIS 90/­DIE GRÜNEN,0.15399642,-0.9593656,0.52827096,-0.08928999,-0.92505395,-0.44848454,0.9308787,0.02475953
79134,Stephan Mayer,CDU/CSU,-0.28224668,0.48028085,0.35743466,0.49608442,0.43174914,0.37772563,0.09391481,0.7444341
180259,Andreas Mayer,AfD,0.08710947,0.21355428,-0.6451941,-0.9883546,0.016064273,-0.4669879,-0.9327211,-0.325644
145741,Markus Matzerath,AfD,0.071333535,0.21147427,-0.6566132,-0.9875755,0.007492573,-0.5221812,-0.8926865,-0.3222117
79141,Andreas Mattfeldt,CDU/CSU,-0.25800657,0.5410465,0.37115464,0.47352123,0.36929432,0.35602215,0.05126665,0.8070241
79140,Katja Mast,SPD,-0.2729627,0.5047146,0.3794486,0.46738094,0.40385896,0.34372783,0.06719489,0.83639807
121799,Parsa Marvi,SPD,-0.26956543,0.49107867,0.34445482,0.43033087,0.3886817,0.3659039,0.07391053,0.79621243
174133,Johann Martel,AfD,0.12352234,0.21541947,-0.576674,-0.994325,-0.07750097,-0.46387792,-0.89830047,-0.32643095
30917,Holger Mann,SPD,-0.20027405,0.5189449,0.28411272,0.5250194,0.38720122,0.31304273,0.11788032,0.8583675
146837,Isabel Mackensen-Geis,SPD,-0.2330774,0.5240838,0.44032332,0.46267745,0.43847385,0.35460928,0.07647719,0.80286855
175863,Klaus Mack,CDU/CSU,-0.254803,0.49991626,0.35872424,0.46727368,0.3886398,0.3569651,0.09368126,0.82225335
110102,Tanja Machalet,SPD,-0.266678,0.51058143,0.34787962,0.48922855,0.3973938,0.3405455,0.06633405,0.81338024
123031,Sebastian Maack,AfD,0.1365618,0.21789098,-0.6878125,-0.9401901,-0.0016318616,-0.45145008,-0.95636743,-0.35292673
118131,Anna Lührmann,BÜNDNIS 90/­DIE GRÜNEN,0.14846863,-0.7753188,0.43516636,-0.13832669,-0.7622355,-0.38688654,0.91503054,0.0031932886
175406,Bettina Lugk,SPD,-0.2711221,0.5061159,0.38251147,0.46581793,0.40756643,0.35778978,0.08224356,0.80252224
30789,Saskia Ludwig,CDU/CSU,0.92340887,1.7932502,0.5182323,0.7437845,-0.48187348,0.6077412,-0.88460207,0.8584466
79146,Daniela Ludwig,CDU/CSU,-0.26901418,0.5068468,0.3503736,0.46628198,0.40469223,0.35859862,0.063256234,0.83967054
79147,Jan-Marco Luczak,CDU/CSU,-0.26036,0.51768416,0.37492022,0.45553118,0.40832326,0.36200988,0.090966254,0.78415924
175624,Max Lucks,BÜNDNIS 90/­DIE GRÜNEN,1.4205694,-0.5406551,-0.18663192,-0.40590963,-0.2875596,-0.78460604,1.6706964,-0.02523358
145742,Rüdiger Lucassen,AfD,0.12410991,0.14212395,-0.71784186,-0.97370386,-0.024657916,-0.47994414,-0.9346092,-0.35401073
175557,Denise Loop,BÜNDNIS 90/­DIE GRÜNEN,-0.018611614,-0.6048058,0.49106938,-0.067288004,-0.75564224,-0.27592817,0.8374843,0.0745945
79150,Patricia Lips,CDU/CSU,-0.28231627,0.48565942,0.2952716,0.4898727,0.3805708,0.3451159,0.09085162,0.8066736
79149,Carsten Linnemann,CDU/CSU,-0.2771885,0.53121567,0.36847004,0.48246324,0.39739892,0.37519583,0.09966043,0.80092406
79192,Andrea Lindholz,CDU/CSU,-0.25866583,0.5069639,0.31745994,0.47328928,0.35525775,0.37361124,0.07260671,0.8167704
146804,Helge Lindh,SPD,-0.24893244,0.4698771,0.362521,0.46849647,0.39431995,0.35752273,0.042821735,0.8172235
136080,Helge Limburg,BÜNDNIS 90/­DIE GRÜNEN,0.1717301,-0.86083424,0.54625344,-0.13653882,-0.88223356,-0.45280084,1.0209602,0.075209625
138463,Esra Limbacher,SPD,-0.2718176,0.51666516,0.38363057,0.4690939,0.40328267,0.36521536,0.08472635,0.8266278
79194,Andreas Lenz,CDU/CSU,-0.26312542,0.51403254,0.35193792,0.48056674,0.3989615,0.354282,0.0856087,0.7783987
175959,Sascha Lensing,AfD,0.10347719,0.20380963,-0.71476436,-0.9884067,-0.031771388,-0.50893,-0.8981523,-0.30605167
183114,Rebecca Lenhard,BÜNDNIS 90/­DIE GRÜNEN,0.09474097,-0.8174435,0.5813289,-0.12685288,-0.8835223,-0.40851736,1.0052722,0.08814901
79199,Steffi Lemke,BÜNDNIS 90/­DIE GRÜNEN,0.17658408,-0.838,0.50313413,-0.11084878,-0.8544003,-0.34672177,0.9584565,-0.016105406
175323,Sonja Lemke,Die Linke,0.2407859,-0.76149136,-0.28404027,0.53695047,0.08172662,-0.0063769445,0.9192488,-1.3844315
145948,Sven Lehmann,BÜNDNIS 90/­DIE GRÜNEN,0.15801893,-0.78893995,0.40673268,-0.08209547,-0.7792181,-0.38521248,0.75739247,-0.0999283
118790,Jens Lehmann,CDU/CSU,-0.2877837,0.48347634,0.3426864,0.47188547,0.37409672,0.3570237,0.094827704,0.8022762
79205,Caren Lay,Die Linke,0.20663327,-0.7426242,-0.13917276,0.5764216,0.14426732,-0.031084253,0.86006844,-1.3795311
79215,Karl Lauterbach,SPD,-0.27250692,0.49400127,0.3446096,0.46346864,0.3690937,0.36727345,0.060339566,0.78060126
78812,Silke Launert,CDU/CSU,-0.24175636,0.4993214,0.36131707,0.42341125,0.38055432,0.30842018,0.022105189,0.77087694
122336,Ina Latendorf,Die Linke,0.24140422,-0.84438336,-0.32184902,0.5778539,0.106404714,-0.020563496,0.91889286,-1.283884
130072,Armin Laschet,CDU/CSU,-0.28117418,0.487526,0.3327514,0.46827382,0.3780492,0.3542883,0.112181,0.8054073
79214,Ulrich Lange,CDU/CSU,-0.28926274,0.47347775,0.3544146,0.43957585,0.41539815,0.35028553,0.0913423,0.82442796
164990,Ricarda Lang,BÜNDNIS 90/­DIE GRÜNEN,0.13137612,-0.88156915,0.56778115,-0.15014082,-0.95248276,-0.4706983,1.024285,0.023474498
159482,Pierre Lamely,AfD,0.09157826,0.15525,-0.6238011,-0.99241835,-0.05630383,-0.4847949,-0.8823371,-0.3340664
168310,Thomas Ladzinski,AfD,0.13164333,0.2107936,-0.6723372,-0.99813116,-0.055795413,-0.5073822,-0.88559544,-0.37068996
183522,Anna Leonore Labitzke Rathert,AfD,0.11515836,0.20372987,-0.62205297,-1.002153,-0.11453304,-0.47413203,-0.9168534,-0.32669744
178656,Jan Köstering,Die Linke,0.22322144,-0.83428943,-0.27731782,0.5613131,0.057412494,-0.03012845,0.8097087,-1.3491703
165168,Konrad Körner,CDU/CSU,-0.23575574,0.4908363,0.42017823,0.46143726,0.3901251,0.34230307,0.07059894,0.81905895
79238,Carsten Körber,CDU/CSU,-0.25652355,0.46025795,0.29026878,0.50548375,0.3720742,0.37590078,0.069974326,0.80371004
121468,Jörn König,AfD,0.114274405,0.19258396,-0.6789843,-1.0495801,-0.026610585,-0.55624557,-0.94386613,-0.351739
175831,Anne König,CDU/CSU,-0.2514519,0.49399,0.32273382,0.45376492,0.364564,0.31906402,0.08873518,0.7489935
182820,Daniel Kölbl,CDU/CSU,-0.2730489,0.5311737,0.32912314,0.47944316,0.37649885,0.35222924,0.113181144,0.81259006
184033,Cansın Köktürk,Die Linke,0.25793192,-0.6915316,-0.29961145,0.48020998,0.00084841653,0.053284377,0.50706756,-1.1640867
145845,Achim Köhler,AfD,0.13385376,0.20933759,-0.5953653,-1.0514221,-0.09988093,-0.5036426,-0.92176425,-0.2999006
145841,Jürgen Kögel,AfD,0.1268711,0.16271147,-0.6372034,-0.6418596,0.01893668,-0.22523811,-0.8176984,-0.49384275
29490,Tilman Kuban,CDU/CSU,-0.23142427,0.5563948,0.37058282,0.4689931,0.38396785,0.35957325,0.078040734,0.7726729
175467,Martin Kröber,SPD,-0.2680352,0.4977515,0.3261436,0.4433564,0.39115307,0.35215577,0.05669157,0.7800167
79227,Günter Krings,CDU/CSU,-0.26528755,0.50391006,0.3675112,0.45090535,0.3807656,0.3484081,0.07610081,0.79917103
122755,Lukas Krieger,CDU/CSU,-0.28018272,0.52030635,0.40681913,0.43646052,0.4394732,0.3415244,0.081325345,0.7966717
79226,Gunther Krichbaum,CDU/CSU,-0.24700437,0.5225416,0.3801145,0.45354158,0.3980277,0.3382064,0.07192493,0.82271427
149682,Dunja Kreiser,SPD,-0.2609768,0.51212615,0.39391357,0.450245,0.41282967,0.34006748,0.07162464,0.79591024
184318,Manuel Johannes Krauthausen,AfD,0.05353916,0.23386063,-0.63158804,-0.95634526,0.021813922,-0.4354597,-0.9380392,-0.27935427
79223,Anette Kramme,SPD,-0.2573784,0.47249562,0.34573513,0.45733377,0.35410064,0.33020395,0.11351087,0.74475485
165152,Maximilian Krah,AfD,0.1650455,0.21379083,-0.49760932,-1.0330967,-0.09982233,-0.44110757,-0.9135305,-0.2685651
145830,Rainer Kraft,AfD,0.13577431,0.2399642,-0.6466846,-0.9901366,-0.03418959,-0.4858635,-0.96249336,-0.37833756
122834,Ferat Koçak,Die Linke,0.19706744,-0.7960191,-0.2038251,0.5156276,0.027336791,0.1327662,0.47235724,-1.1416818
31221,Steffen Kotré,AfD,0.08033497,0.1872918,-0.66061735,-0.9658899,-0.051164035,-0.48695076,-0.93702096,-0.36814216
175003,Thomas Korell,AfD,0.10058691,0.21659902,-0.5770376,-1.0146762,-0.039591856,-0.4723683,-0.9455433,-0.3628425
182878,Stefan Korbach,CDU/CSU,-0.26143366,0.49419218,0.3789689,0.47186643,0.36143878,0.34276032,0.077295095,0.7926844
175543,Chantal Kopf,BÜNDNIS 90/­DIE GRÜNEN,0.07169526,-0.84246737,0.45794412,-0.06824956,-0.9235491,-0.39248502,1.0242051,0.07726336
79237,Markus Koob,CDU/CSU,-0.27219194,0.5156797,0.37275496,0.4680965,0.41149738,0.36574212,0.046901513,0.8135422
123532,Enrico Komning,AfD,0.12539421,0.17283766,-0.6599774,-0.95903397,-0.016878748,-0.4597008,-0.96482325,-0.3464065
141591,Hans Koller,CDU/CSU,-0.24975838,0.49522445,0.34566748,0.47051024,0.36149836,0.3518787,0.08310092,0.78592604
79234,Bärbel Kofler,SPD,-0.26340866,0.5086758,0.36291173,0.46692356,0.37580994,0.34574136,0.08084295,0.8203744
108585,Heinrich Koch,AfD,0.1283001,0.12744741,-0.5710148,-1.0371562,-0.092644826,-0.47430205,-0.92102545,-0.26735103
79239,Axel Knoerig,CDU/CSU,-0.2715958,0.5333422,0.34997138,0.4475403,0.40580848,0.34690684,0.06873775,0.8044544
184317,Sieghard Knodel,fraktionslos,-0.14566246,0.3275328,0.2973122,0.415725,0.35876983,0.33909556,0.07170989,0.49976078
177535,Maximilian Kneller,AfD,0.097693995,0.18732558,-0.64128107,-0.9501564,0.008838012,-0.47633806,-0.88427806,-0.33556816
175503,Tim Klüssendorf,SPD,-0.24974026,0.5641143,0.33291554,0.46794868,0.35802877,0.33659983,0.10034625,0.76696116
110066,Julia Klöckner,CDU/CSU,-0.2481452,0.4842035,0.3797155,0.4303177,0.38412234,0.32841164,0.047400746,0.79061174
175401,Annika Klose,SPD,-0.26200137,0.4918759,0.37477654,0.43348202,0.40337268,0.35178602,0.069153756,0.80817103
79241,Lars Klingbeil,SPD,-0.24922065,0.49209067,0.3312445,0.4628545,0.36464393,0.3858047,0.037381485,0.77127224
178160,Kurt Klaus Kleinschmidt,AfD,0.114279315,0.20259574,-0.67291254,-0.96247816,-0.015777098,-0.46481204,-0.96313965,-0.342756
175877,Ottilie Klein,CDU/CSU,-0.28064272,0.45424023,0.3798056,0.4730138,0.36741033,0.34690768,0.053537246,0.8221991
175433,Helmut Kleebank,SPD,-0.25515106,0.50106674,0.35512394,0.4589536,0.38392028,0.33818376,0.081475675,0.7960559
79242,Georg Kippels,CDU/CSU,-0.24410504,0.538074,0.4053008,0.43773097,0.3366555,0.32731712,0.06816373,0.773899
145902,Michael Kießling,CDU/CSU,-0.27445617,0.50519013,0.37027186,0.48047152,0.43316525,0.34639287,0.048843447,0.78735995
79246,Roderich Kiesewetter,CDU/CSU,-0.2378907,0.51390827,0.4112263,0.44011503,0.38823614,0.34001344,0.06714734,0.8315143
146003,Misbah Khan,BÜNDNIS 90/­DIE GRÜNEN,0.12862575,-0.7420609,0.4528844,-0.12660895,-1.0232588,-0.43830243,1.0158162,0.09828743
179277,Rocco Kever,AfD,0.12572215,0.16813284,-0.67394334,-0.99773204,0.0049396586,-0.4895008,-0.9479033,-0.34194484
147331,Stefan Keuter,AfD,0.10122619,0.2438301,-0.6722399,-0.9821935,-0.03153927,-0.46667093,-0.9275088,-0.33917728
146793,Franziska Kersten,SPD,-0.26318505,0.50681955,0.3791763,0.45400366,0.40245792,0.33821,0.06195562,0.82405376
177565,Martina Kempf,AfD,0.22902049,0.20884489,-0.4899769,-0.96628773,-0.10497989,-0.37339827,-0.90512574,-0.45801216
79480,Ronja Kemmer,CDU/CSU,-0.2874817,0.46822622,0.37943974,0.46518794,0.4089028,0.33979157,0.092268966,0.7433565
175629,Michael Kellner,BÜNDNIS 90/­DIE GRÜNEN,0.09992182,-0.8659824,0.56473756,-0.14749841,-0.94197154,-0.45546526,0.98381484,0.06375995
121837,Michael Kaufmann,AfD,0.8608542,-0.31305227,-0.8281965,-0.15963596,-0.11522707,0.48302904,-1.4515568,-0.9945179
145844,Malte Kaufmann,AfD,0.11889868,0.18269649,-0.5498071,-0.9839307,-0.11431919,-0.45952764,-0.8575238,-0.2843748
79249,Anja Karliczek,CDU/CSU,-0.26804274,0.51179105,0.39604902,0.47422758,0.39614987,0.36589935,0.10264207,0.792745
121602,Macit Karaahmetoğlu,SPD,-0.28324544,0.5388335,0.3731893,0.46873847,0.3921948,0.37482154,0.054932613,0.82838464
73426,Kirsten Kappert-Gonther,BÜNDNIS 90/­DIE GRÜNEN,0.049117796,-0.9369224,0.32641393,-0.1492359,-0.9671857,-0.40919006,1.0342586,0.15423504
182859,Nicklas Kappe,CDU/CSU,-0.2231796,0.47601342,0.40386766,0.45633763,0.41096815,0.3320609,0.094263405,0.80595523
118997,Maren Kaminski,Die Linke,0.17975068,-0.8518449,-0.30407366,0.49640757,0.092846714,0.019823827,0.8833428,-1.3811401
146830,Elisabeth Kaiser,SPD,-0.30196804,0.4835687,0.3550973,0.45200884,0.38766488,0.34823722,0.09967056,0.74803686
175603,Lamya Kaddor,BÜNDNIS 90/­DIE GRÜNEN,0.13717528,-0.84438014,0.56235677,-0.12908085,-0.8825962,-0.46051523,1.0433407,0.04713153
78859,Oliver Kaczmarek,SPD,-0.24917807,0.541416,0.35597128,0.45601267,0.41339055,0.31619328,0.10426149,0.8186609
183496,Robin Jünger,AfD,0.06600862,0.208492,-0.63336575,-0.9783451,0.007933145,-0.45233265,-0.92814445,-0.31445423
79268,Frank Junge,SPD,-0.23781276,0.3567784,0.2877685,0.5363849,0.45240268,0.36638546,0.021313457,0.9359681
78867,Andreas Jung,CDU/CSU,-0.27744702,0.49219802,0.2863589,0.44377258,0.40614274,0.3617796,0.09100383,0.79346335
175588,Julian Joswig,BÜNDNIS 90/­DIE GRÜNEN,0.12161271,-0.8197959,0.52283597,-0.17890513,-0.8737054,-0.4298996,0.9286842,0.094229355
182837,Alexander Jordan,CDU/CSU,-0.26086712,0.48646605,0.39053175,0.47294512,0.43018836,0.3520739,0.105079554,0.8154332
79277,Thomas Jarzombek,CDU/CSU,-0.22023603,0.4978268,0.35468227,0.46554688,0.3667309,0.33477503,0.10288739,0.7865008
175830,Anne Janssen,CDU/CSU,-0.26629248,0.51727444,0.36116853,0.4561626,0.3646426,0.36274537,0.07321884,0.8127013
175967,Steffen Janich,AfD,0.3111478,0.72903514,-0.52058303,-0.7699668,0.30175367,0.08535943,-1.0474136,-1.3908871
147218,Fabian Jacobi,AfD,0.1583987,0.20195475,-0.672179,-0.97051877,-0.010218081,-0.48011133,-0.89023143,-0.3758128
183177,Cem Ince,Die Linke,0.25254428,-0.8612372,-0.31792486,0.51103395,0.07890306,0.037450742,0.8732608,-1.2315693
145791,Nicole Höchst,AfD,0.75294816,-0.17027478,-0.7809055,-0.14929616,-0.17977867,0.4501712,-1.4920256,-0.93256867
175922,Gerrit Huy,AfD,0.097388886,0.25266495,-0.9900985,-1.3229641,-0.121437296,-0.30149361,-1.0911609,0.13224734
175512,Verena Hubertz,SPD,-0.2652206,0.51191705,0.3010876,0.408889,0.31212288,0.35301602,0.07711709,0.753234
183224,Luke Hoß,Die Linke,0.2364924,-0.8236806,-0.29255456,0.6085966,0.09132944,0.02123112,0.9057979,-1.3103915
146856,Jasmina Hostert,SPD,-0.25883007,0.4793842,0.3471116,0.46459442,0.38647553,0.31042683,0.049844533,0.77329886
29094,Michael Hose,CDU/CSU,-0.2856334,0.50126535,0.39017773,0.482975,0.3870056,0.35481128,0.094582744,0.8022069
175851,Franziska Hoppermann,CDU/CSU,-0.2722587,0.48057613,0.38261974,0.45665374,0.3925961,0.3553777,0.1004707,0.8016949
79293,Hendrik Hoppenstedt,CDU/CSU,-0.2639735,0.5235912,0.3575102,0.48870045,0.38741565,0.3701578,0.098285995,0.80852383
123559,Leif-Erik Holm,AfD,0.1155056,0.20161298,-0.66080713,-0.99525917,-0.019137397,-0.47111475,-0.9569007,-0.30960453
79294,Anton Hofreiter,BÜNDNIS 90/­DIE GRÜNEN,0.13676576,-0.8450688,0.518131,-0.17189685,-0.87817657,-0.4228292,0.9323162,0.012616351
138330,Philip Hoffmann,CDU/CSU,-0.2511122,0.46614745,0.38928783,0.44094884,0.4760908,0.32989028,0.06310534,0.79798716
79295,Alexander Hoffmann,CDU/CSU,-0.28629175,0.5092374,0.36552787,0.48270443,0.3349316,0.375067,0.05929978,0.7767753
78865,Christian Hirte,CDU/CSU,-0.34315234,0.47095776,0.13178417,0.5480951,0.4085513,0.33469233,0.11916246,0.96523297
145754,Karsten Hilse,AfD,0.85320294,-0.3027532,-0.9658543,-0.2182776,-0.09795949,0.50590414,-1.508124,-0.9758328
184316,Olaf Hilmer,AfD,0.10379036,0.21852462,-0.7315057,-1.0672842,-0.03730342,-0.5474616,-0.93235534,-0.34384462
182897,Matthias Hiller,CDU/CSU,-0.26492885,0.55348134,0.30709302,0.5068678,0.41137668,0.36622706,0.12422169,0.91158026
142212,Susanne Hierl,CDU/CSU,-0.26937586,0.53713596,0.41899118,0.48229662,0.42147937,0.3846271,0.088224016,0.8718658
79307,Ansgar Heveling,CDU/CSU,-0.2852415,0.53672504,0.3776831,0.48381227,0.44940674,0.37263495,0.08866552,0.8717501
183031,Moritz Heuberger,BÜNDNIS 90/­DIE GRÜNEN,0.110445976,-0.94159985,0.5265441,-0.13890313,-0.9558852,-0.45193174,1.0593463,0.010632702
175432,Heike Heubach,SPD,-0.26231354,0.53348875,0.50623095,0.53136015,0.3960543,0.3503671,-0.039633628,0.8202072
179923,Nicole Hess,AfD,0.11029974,0.21759567,-0.7301134,-1.0432593,-0.03603723,-0.5025284,-1.008834,-0.3450016
145840,Martin Hess,AfD,0.09654717,0.22764479,-0.67762,-0.99056536,0.025894918,-0.47924575,-0.9822018,-0.33987668
175476,Nadine Heselhaus,SPD,-0.27282888,0.5447579,0.39010736,0.49926353,0.39201334,0.38339815,0.085289046,0.8936418
183279,Mareike Hermeier,Die Linke,0.25702688,-0.8334955,-0.26581082,0.59842974,0.027864106,-0.0005488627,0.76721835,-1.363503
182885,Diana Herbstreuth,CDU/CSU,-0.256068,0.5198689,0.36917585,0.5083767,0.43977058,0.38582912,0.053332157,0.82277817
149381,Stefan Henze,AfD,0.17495072,0.23042168,-0.5067282,-1.0742608,-0.005703004,-0.5229184,-1.0952734,-0.43989196
145874,Marc Henrichmann,CDU/CSU,-0.30791464,0.54281825,0.34603247,0.5017071,0.37700224,0.38893482,0.09602038,0.871577
145749,Udo Hemmelgarn,AfD,0.6138097,-0.3180113,0.021008382,-2.5797853,-0.8131943,-0.51549906,-0.93169785,-0.067166865
79299,Mark Helfrich,CDU/CSU,-0.24438107,0.5439283,0.44069397,0.46999085,0.4723796,0.38865477,0.09029466,0.8268358
145751,Matthias Helferich,AfD,0.035503637,0.2489832,-0.6701545,-0.9969203,-0.035563692,-0.50828004,-1.0066972,-0.33056474
66491,Linda Heitmann,BÜNDNIS 90/­DIE GRÜNEN,0.14273897,-0.9118653,0.6044667,-0.14792264,-0.984341,-0.45363328,1.0618932,0.09781632
79320,Gabriela Heinrich,SPD,-0.2979488,0.5228803,0.38221532,0.49590197,0.4100578,0.35530564,0.09387518,0.8628992
136025,Frauke Heiligenstadt,SPD,-0.21786658,0.5557497,0.4295491,0.46826318,0.44647312,0.38700134,0.07729067,0.864639
79316,Hubertus Heil,SPD,-0.26702726,0.51890725,0.3596331,0.4627227,0.43323892,0.3412747,0.051949546,0.83752483
79317,Mechthild Heil,CDU/CSU,-0.23388125,0.63275766,0.42707253,0.48136446,0.41882515,0.37238508,0.10598719,0.82003593
79325,Britta Haßelmann,BÜNDNIS 90/­DIE GRÜNEN,0.14795157,-0.83668625,0.64314795,-0.18825309,-0.9572731,-0.45774198,1.0627824,0.06905325
147226,Jochen Haug,AfD,0.10870397,0.18309627,-0.61348903,-1.0360314,-0.073616296,-0.5020307,-0.9138947,-0.2951518
79322,Matthias Hauer,CDU/CSU,-0.2470474,0.48458207,0.38300776,0.49206775,0.48258224,0.36729726,0.0838661,0.9095636
79326,Sebastian Hartmann,SPD,-0.30090255,0.51013315,0.3832052,0.4575601,0.4402263,0.3875509,0.098008275,0.87952846
78863,Jürgen Hardt,CDU/CSU,-0.23535302,0.5675903,0.3264432,0.4623859,0.37267154,0.35899287,0.06268956,0.8627535
145714,Mirco Hanker,AfD,0.12655394,0.22532722,-0.6383664,-1.0747142,-0.028716482,-0.5587144,-0.96300155,-0.36747977
79327,Metin Hakverdi,SPD,-0.26311427,0.52623856,0.4045593,0.4888614,0.41206884,0.37126198,0.06324153,0.8625486
132357,Lars Haise,AfD,0.09617639,0.2158877,-0.6898391,-1.0547558,0.0038229276,-0.5278512,-0.96349776,-0.32333827
182892,Heiko Hain,CDU/CSU,-0.27176762,0.55530316,0.4357969,0.47571242,0.44025615,0.36226955,0.09010027,0.8328824
158590,Ingo Hahn,AfD,0.10747953,0.13921413,-0.7019509,-0.9960505,-0.028613482,-0.50970024,-0.96073836,-0.38033244
79329,Florian Hahn,CDU/CSU,-0.2816326,0.56015503,0.38453776,0.49927694,0.394599,0.38286486,0.08009439,0.8631723
79333,Bettina Hagedorn,SPD,-0.2925533,0.5866159,0.4238974,0.43829536,0.41941175,0.41967148,0.11031545,0.7830735
79332,Christian Haase,CDU/CSU,-0.29140818,0.49685568,0.38158554,0.48529714,0.43063003,0.40278935,0.07157464,0.8890294
141210,Ates Gürpinar,Die Linke,0.3057019,-0.87120634,-0.274583,0.60549027,0.118950605,0.0021501463,0.87681085,-1.4498197
79335,Fritz Güntzler,CDU/CSU,-0.28079268,0.55786794,0.4019593,0.46054792,0.44610512,0.3614828,0.07502258,0.84418184
175852,Georg Günther,CDU/CSU,-0.26835957,0.5404374,0.41629425,0.45514926,0.42368037,0.38116744,0.059726268,0.8325979
130691,Serap Güler,CDU/CSU,-0.2724383,0.6515928,0.37457958,0.47409117,0.33771348,0.34788185,0.10503114,0.8035414
132869,Christian Görke,Die Linke,0.2642287,-0.9450903,-0.37281856,0.6386691,0.094446875,-0.0056771347,0.89971423,-1.3739778
78886,Katrin Göring-Eckardt,BÜNDNIS 90/­DIE GRÜNEN,0.18348286,-0.9021695,0.572075,-0.17769183,-0.90247923,-0.44677907,1.0713689,0.087390795
79334,Gregor Gysi,Die Linke,0.11447537,-0.82405543,-0.2654209,0.580135,-0.0022410213,-0.119274534,0.87852496,-1.2477926
79336,Olav Gutting,CDU/CSU,-0.2403723,0.5343705,0.42120886,0.49301997,0.4404757,0.419124,0.021378735,0.826763
175683,Lena Gumnior,BÜNDNIS 90/­DIE GRÜNEN,0.12759437,-0.90428835,0.67766446,-0.2715375,-0.89170325,-0.5272406,1.0743195,0.035457857
28896,Inge Gräßle,CDU/CSU,-0.33293182,0.5495105,0.4082919,0.4839736,0.37001577,0.39690197,0.09037943,0.84630245
158593,Rainer Gross,AfD,0.13358952,0.17470229,-0.71030056,-1.0569707,0.017759744,-0.5619089,-0.9524824,-0.34487128
123558,Christoph Grimm,AfD,0.022240326,0.22988825,-0.6494113,-0.93053794,0.016795127,-0.5335259,-0.8527027,-0.31843615
79349,Kerstin Griese,SPD,-0.257254,0.44474193,0.3678653,0.45773852,0.48331094,0.3734306,0.0556772,0.8908325
182883,David Gregosz,CDU/CSU,-0.2518411,0.48402816,0.36195552,0.49542567,0.42947072,0.37620988,0.09720563,0.892489
175537,Armin Grau,BÜNDNIS 90/­DIE GRÜNEN,0.10525228,-0.96290916,0.5240544,-0.15230864,-0.9622345,-0.4600824,1.0372893,0.11054971
123289,Adrian Grasse,CDU/CSU,-0.27678633,0.5060831,0.3619943,0.48518538,0.42753428,0.38821438,0.062092513,0.86760855
108738,Fabian Gramling,CDU/CSU,-0.25006473,0.5928828,0.39148045,0.5062425,0.40281785,0.35623828,0.08992116,0.8459946
174123,Hans-Jürgen Goßner,AfD,0.14103076,0.17310807,-0.71022016,-1.0470699,0.042792115,-0.50296795,-1.0027424,-0.33947435
66285,Kay Gottschalk,AfD,0.24658011,0.18891506,-0.7384046,-0.8490328,-0.08209811,-0.37658623,-1.0240253,-0.5220632
79353,Nicole Gohlke,Die Linke,0.27637586,-0.84496933,-0.24987763,0.63548154,0.084421255,-0.021566642,0.8812568,-1.4165812
175923,Hannes Gnauck,AfD,0.21715562,0.20704593,-0.6881596,-0.8612165,-0.11637636,-0.3376527,-1.0659521,-0.50013983
79481,Angelika Glöckner,SPD,-0.25306952,0.50960755,0.3635697,0.49484748,0.41903603,0.35620812,0.05866509,0.851076
123018,Ronald Gläser,AfD,0.11135575,0.16298449,-0.6401437,-1.165156,0.12597483,-0.8583159,-0.9641923,-0.7941843
183252,Vinzenz Glaser,Die Linke,0.19728923,-0.7993209,-0.22285147,0.5491929,0.024880663,0.0075584375,0.91390646,-1.2862322
147328,Jan-Niclas Gesenhues,BÜNDNIS 90/­DIE GRÜNEN,0.12986144,-0.6570384,0.4800536,-0.14910914,-0.8987752,-0.3725974,0.9020168,0.1335215
79356,Martin Gerster,SPD,-0.25874165,0.59416866,0.38032177,0.48192158,0.40866843,0.38806146,0.083497845,0.87320113
122857,Katalin Gennburg,Die Linke,0.4277224,-1.0306674,-0.230134,0.47385308,0.20802788,0.028307257,0.84479576,-1.3537792
125186,Jonas Geissler,CDU/CSU,-0.27618194,0.52804303,0.39572462,0.4956939,0.42259476,0.3779431,0.09138928,0.87979424
79366,Thomas Gebhart,CDU/CSU,-0.27066338,0.5397864,0.4051002,0.47094727,0.39516348,0.35849813,0.092965476,0.84151065
175891,Wilhelm Gebhard,CDU/CSU,-0.26914456,0.5194236,0.36138967,0.48853165,0.43970403,0.36739087,0.060252927,0.8614412
183283,Kathrin Gebel,Die Linke,0.35136285,-0.91557294,-0.2723665,0.5765003,0.1115361,0.039708037,0.847752,-1.3145682
31216,Alexander Gauland,AfD,0.09789691,0.2303612,-0.6797141,-0.9738512,-0.027883157,-0.4365559,-0.87501913,-0.35497722
79364,Matthias Gastel,BÜNDNIS 90/­DIE GRÜNEN,0.15378882,-0.925706,0.6304109,-0.16966201,-1.0062002,-0.3995255,1.0141993,0.08736828
175645,Schahina Gambir,BÜNDNIS 90/­DIE GRÜNEN,0.14268686,-0.9106967,0.56194353,-0.17225294,-0.93855053,-0.4649428,1.0262704,0.015739605
183508,Boris Gamanov,AfD,0.079905964,0.20596494,-0.68015933,-1.0588864,0.0047244113,-0.52942204,-0.9697052,-0.32647982
182110,Rainer Galla,AfD,0.17468059,0.21459863,-0.61265814,-1.0560191,-0.009266969,-0.5482958,-0.95538986,-0.39514658
79389,Hermann Färber,CDU/CSU,-0.2707671,0.5354165,0.32940662,0.4840137,0.3871123,0.3691464,0.10501999,0.882363
150288,Götz Frömming,AfD,0.14952019,0.25176027,-0.5431053,-1.0819048,-0.048341528,-0.53032243,-1.0412238,-0.4630668
108761,Markus Frohnmaier,AfD,0.09307019,0.24750021,-0.6856305,-1.0433248,-0.018916046,-0.48881078,-0.95682997,-0.3330638
79370,Michael Frieser,CDU/CSU,-0.29712984,0.44863185,0.33492053,0.44868562,0.41417834,0.3166881,0.12048704,0.70904833
79378,Thorsten Frei,CDU/CSU,-0.2838591,0.58219826,0.48458257,0.38974625,0.52037376,0.36360088,0.121785425,0.80355287
182826,Christoph Frauenpreiß,CDU/CSU,-0.2679919,0.5345229,0.42628908,0.48823583,0.4305299,0.37359282,0.05587934,0.8632093
183125,Simone Fischer,BÜNDNIS 90/­DIE GRÜNEN,0.7221311,-0.88142306,1.2007084,0.4014642,-1.3520103,0.75808746,0.59461194,-0.8719885
175925,Hauke Finger,AfD,0.14638405,0.2675478,-0.53798395,-1.0792449,0.008041221,-0.57396704,-1.0178475,-0.4245807
175491,Sebastian Fiedler,SPD,-0.27836788,0.5383594,0.38952318,0.4818906,0.41256014,0.37298906,0.09887342,0.87186646
184038,Katrin Fey,Die Linke,0.2881568,-0.88462234,-0.2973628,0.5886698,0.12161363,0.004168859,0.90227354,-1.4019091
177546,Thomas Fetsch,AfD,0.12314872,0.17800193,-0.7262097,-1.0601741,-0.028812213,-0.5260474,-0.97317564,-0.37335277
183497,Jan Feser,AfD,0.74144,-0.46648803,-1.0266266,-0.24357842,-0.2538806,0.311364,-1.5802641,-0.59365624
145833,Peter Felser,AfD,0.104049474,0.2590203,-0.6689446,-1.0396931,-0.02830973,-0.5637533,-0.995996,-0.36843333
79391,Uwe Feiler,CDU/CSU,-0.19014491,0.54896694,0.36558667,0.5029635,0.4666397,0.38275155,0.093642294,0.83459586
183487,Micha Fehre,AfD,0.1504607,0.32286787,-0.6484528,-1.0394555,-0.047485046,-0.5774846,-0.98241013,-0.41318128
79390,Johannes Fechner,SPD,-0.27671722,0.539161,0.3919821,0.47027284,0.4102972,0.35744947,0.09101269,0.84392864
183267,Fabian Fahl,Die Linke,0.30287954,-0.92306477,-0.29884073,0.5676008,0.20417619,-0.0023216435,0.94020385,-1.4192317
135391,Nancy Faeser,SPD,-0.25488073,0.50233567,0.35565355,0.4820249,0.37683424,0.39093968,0.03712935,0.84924215
147569,Michael Espendiller,AfD,0.18078153,0.23346049,-0.6771217,-1.078508,0.0023376842,-0.5472893,-0.9685721,-0.37026963
79387,Saskia Esken,SPD,-0.28777632,0.5235128,0.39749807,0.4711162,0.42377982,0.3521639,0.044620603,0.85790867
146813,Wiebke Esdar,SPD,-0.2642187,0.52579075,0.43419734,0.51589584,0.4354049,0.36466762,0.094624355,0.87486935
182825,Bastian Alfons Ernst,CDU/CSU,-0.28017494,0.5291347,0.35189205,0.47097278,0.4404308,0.35512897,0.0719563,0.8921361
145903,Thomas Erndl,CDU/CSU,-0.29828164,0.63591164,0.3456911,0.4722443,0.36450875,0.38291574,0.15080571,0.8459675
175872,Martina Englhardt-Kopf,CDU/CSU,-0.21660645,0.50961053,0.4171875,0.4733766,0.4612377,0.36377367,0.07751379,0.82590455
175826,Alexander Engelhard,CDU/CSU,-0.28205302,0.5485103,0.37287685,0.48669502,0.44251424,0.3760093,0.03319664,0.839238
146042,Marcel Emmerich,BÜNDNIS 90/­DIE GRÜNEN,0.16226573,-0.96657485,0.7698218,-0.26286286,-0.8886053,-0.58381224,1.0330929,0.0050086374
182015,Mandy Eißing,Die Linke,0.33506328,-0.89036494,-0.29062244,0.5646203,0.13420746,0.050671633,0.9338893,-1.3955873
175496,Sonja Eichwede,SPD,-0.27919582,0.51143813,0.45057854,0.46248597,0.46998057,0.35170203,0.068473645,0.8350599
175864,Lars Ehm,CDU/CSU,-0.27695915,0.5348144,0.36330622,0.4990738,0.41462207,0.37253672,0.07618873,0.8597781
175308,Mirze Edis,Die Linke,0.41499397,-1.1032811,-0.14603268,0.43546018,-0.008044265,-0.023335375,0.8984804,-1.365573
175880,Ralph Edelhäußer,CDU/CSU,-0.25756094,0.5175866,0.3740075,0.49519587,0.4393828,0.38085666,0.07450575,0.85291225
175610,Leon Eckert,BÜNDNIS 90/­DIE GRÜNEN,0.1569702,-0.8865856,0.6216291,-0.16491655,-0.96213084,-0.5444626,1.0189474,0.03128925
79405,Harald Ebner,BÜNDNIS 90/­DIE GRÜNEN,0.123888105,-0.87795836,0.58313316,-0.18740655,-0.94263774,-0.46033978,1.0577846,0.080525704
175859,Joachim Ebmeyer,CDU/CSU,-0.26981756,0.538136,0.4059883,0.46838942,0.4469544,0.34894404,0.064004265,0.82978654
183515,Tobias Ebenberger,AfD,0.19477117,0.23355097,-0.721014,-1.026509,-0.0368208,-0.534573,-0.9930097,-0.3249462
175555,Deborah Düring,BÜNDNIS 90/­DIE GRÜNEN,0.16683921,-0.84543216,0.58404505,-0.20374596,-1.0033858,-0.4116349,0.9713624,0.06730688
182893,Hülya Düber,CDU/CSU,-0.22132942,0.42695355,0.41685644,0.47572938,0.47219113,0.37044677,0.03618859,0.89451694
175425,Felix Döring,SPD,-0.27860898,0.52311516,0.36266607,0.4684141,0.44929716,0.3853744,0.103618786,0.913502
183012,Timon Dzienus,BÜNDNIS 90/­DIE GRÜNEN,0.17012618,-0.9749735,0.60300064,-0.21780802,-1.0061953,-0.56095177,1.0626506,0.027810456
79404,Hansjörg Durz,CDU/CSU,-0.23932618,0.5895264,0.39271793,0.48848903,0.409508,0.36718202,0.114128634,0.8617143
181945,Christopher Drößler,AfD,0.13784215,0.22799794,-0.6966329,-1.055625,-0.04349979,-0.5171774,-1.0134177,-0.39853245
79403,Katharina Dröge,BÜNDNIS 90/­DIE GRÜNEN,0.13444822,-0.91235393,0.5607891,-0.13797264,-0.9468226,-0.42892772,1.0447766,0.086857975
175424,Falko Droßmann,SPD,-0.2128819,0.5705689,0.47105643,0.55596113,0.37490723,0.35441878,0.03786401,0.8369395
179922,Christian Douglas,AfD,0.11406216,0.2269929,-0.6981287,-1.0169494,-0.014318945,-0.53798276,-0.95755154,-0.36335766
182894,Florian Dorn,CDU/CSU,-0.27617398,0.50761807,0.3825077,0.48310488,0.42821634,0.35961023,0.07567144,0.85842294
79397,Michael Donth,CDU/CSU,-0.30025175,0.5781186,0.3707407,0.48199037,0.36502492,0.3794427,0.12024379,0.833556
79412,Alexander Dobrindt,CDU/CSU,-0.2559706,0.4160739,0.5023058,0.47244847,0.49390537,0.39407453,-0.031288885,0.77636373
79411,Sabine Dittmar,SPD,-0.27081728,0.5135506,0.36932126,0.46252897,0.4104578,0.36205345,0.0734842,0.85303456
183145,Jeanne Dillschneider,BÜNDNIS 90/­DIE GRÜNEN,0.12248808,-1.0662283,0.6106199,-0.10160869,-0.9427351,-0.4463253,0.95403093,0.17215271
146823,Esther Dilcher,SPD,-0.26110506,0.50475395,0.419049,0.4987407,0.44316226,0.3713951,0.07296694,0.85594475
31274,Thomas Dietz,AfD,0.29974464,0.689113,-0.54221314,-0.7909718,0.23553132,0.19370316,-1.0056278,-1.3675724
175438,Jan Dieren,SPD,0.47257933,0.029826552,0.3491949,-1.168416,1.6181571,2.0531611,0.89014745,0.031814538
29534,Sandra Detzer,BÜNDNIS 90/­DIE GRÜNEN,0.121245265,-0.83274704,0.68239635,-0.20964515,-0.9654836,-0.48071498,1.0700775,0.0076879566
110038,Ellen Demuth,CDU/CSU,-0.27178365,0.4873676,0.39243263,0.47118258,0.48732597,0.36226436,0.10290721,0.88846076
175431,Hakan Demir,SPD,-1.662178,0.19872065,1.9481555,1.0177239,0.22479348,-0.23217732,-0.049212515,0.28318954
119861,Janosch Dahmen,BÜNDNIS 90/­DIE GRÜNEN,0.100613736,-0.9383547,0.61956996,-0.20062098,-0.8732465,-0.45367205,1.031991,0.10110301
182902,Wolfgang Dahler,CDU/CSU,-0.28979778,0.51255995,0.37869754,0.4466279,0.44751343,0.38032362,0.07699382,0.87760276
141110,Gottfried Curio,AfD,0.12781961,0.17211321,-0.68780136,-1.033147,0.03712563,-0.52431434,-0.95315385,-0.31895596
121492,Jürgen Coße,SPD,-0.018732172,2.4382908,0.39105237,-0.58701825,0.9395282,0.42129707,0.43345818,0.68137896
183230,Agnes Maria Conrad,Die Linke,0.2630869,-0.8985785,-0.3131655,0.5423615,0.16343518,-0.027980678,0.91034895,-1.3814112
79418,Gitta Connemann,CDU/CSU,-0.24095988,0.54066545,0.31149495,0.515883,0.43559957,0.37861544,0.12043381,0.90811574
145755,Tino Chrupalla,AfD,0.18761402,0.12337385,-0.69332457,-0.84450185,-0.0076013114,-0.30286425,-1.0619651,-0.47045976
146135,Jörg Cezanne,Die Linke,0.30307984,-0.93664855,-0.32103404,0.6187386,0.11545325,-0.016067015,0.93642557,-1.3213478
79416,Lars Castellucci,SPD,-0.25927618,0.55303216,0.4065171,0.4673293,0.41624567,0.33788115,0.12064602,0.8363775
182819,Sandra Carstensen,CDU/CSU,-0.2804147,0.54980844,0.36696336,0.5000213,0.39367613,0.3831444,0.09833935,0.875729
175436,Isabel Cademartori,SPD,-0.26741543,0.49247333,0.37015826,0.50722617,0.4393783,0.3534574,0.053142846,0.87234783
175334,Clara Bünger,Die Linke,0.24987707,-0.97103363,-0.31365484,0.72058904,0.03528995,0.021722432,0.8315002,-1.3554571
150299,Marcus Bühl,AfD,0.8524974,-0.24764383,-0.9053183,-0.22087789,-0.08555979,0.4522327,-1.5230429,-0.97736204
182866,Benedikt Büdenbender,CDU/CSU,-0.28819442,0.53348327,0.34887764,0.49387196,0.41215974,0.36431688,0.08016074,0.86480266
175138,Janina Böttger,Die Linke,0.2743636,-0.92427236,-0.39657298,0.57984966,0.11037208,-0.004214451,0.9334109,-1.4061188
120205,Karl Bär,BÜNDNIS 90/­DIE GRÜNEN,0.16812977,-0.9289272,0.6029531,-0.18012477,-1.05372,-0.506258,1.0826691,0.11333037
79468,Dorothee Bär,CDU/CSU,-0.28709453,0.5467783,0.4146315,0.5004762,0.43455815,0.39939535,0.09778672,0.91210186
175892,Yannick Bury,CDU/CSU,0.7237637,0.35332933,1.6063274,-0.13880964,0.14797594,-0.3525903,-0.20127933,1.3953981
179348,Maik Brückner,Die Linke,0.31921098,-0.88684934,-0.34881145,0.6069695,0.1314151,-0.01329174,0.96270514,-1.3734796
175870,Marlon Bröhr,CDU/CSU,-0.2784121,0.52581114,0.42590284,0.4992357,0.4521844,0.34689003,0.05754722,0.85207075
78878,Agnieszka Brugger,BÜNDNIS 90/­DIE GRÜNEN,0.12066828,-0.92798144,0.6168809,-0.14595698,-0.9821376,-0.4245324,1.0030258,0.057433266
184131,Erhard Brucker,AfD,0.1188765,0.20363647,-0.6977921,-1.041973,0.03596932,-0.533844,-0.9716326,-0.36130095
175676,Victoria Broßart,BÜNDNIS 90/­DIE GRÜNEN,0.2475267,-0.92782474,0.596957,-0.10998442,-0.977528,-0.54473054,0.99262154,0.10524389
145870,Carsten Brodesser,CDU/CSU,-0.2722766,0.5592926,0.48032773,0.54945874,0.41732365,0.34229654,0.0116979135,0.87460333
182830,Lutz Brinkmann,CDU/CSU,-0.28566924,0.5304982,0.39521354,0.48796156,0.43424913,0.37595174,0.08941589,0.87634015
79434,Ralph Brinkhaus,CDU/CSU,-0.2670488,0.3928067,0.26773614,0.4928914,0.46777293,0.38985574,0.08932173,0.9776009
183172,Anne-Mieke Bremer,Die Linke,0.15274063,-0.81702375,-0.34222385,0.6512933,0.09674587,0.018947175,0.7147039,-1.329138
145863,Silvia Breher,CDU/CSU,-0.27875513,0.52696836,0.39978138,0.46858642,0.43798333,0.36219868,0.06980942,0.86167985
79429,Franziska Brantner,BÜNDNIS 90/­DIE GRÜNEN,0.07694889,-0.7610012,0.4623281,-0.07216595,-0.91916585,-0.5041063,1.0694003,0.011878358
32337,Stephan Brandner,AfD,0.13169791,0.20534848,-0.7127452,-1.0365039,-0.026536813,-0.5240173,-0.97873193,-0.33997488
79427,Reinhard Brandl,CDU/CSU,-0.3236107,0.5068442,0.3875958,0.48755324,0.42867723,0.3785456,0.07676672,0.8379213
175915,Dirk Brandes,AfD,0.19901666,0.14881442,-0.801663,-0.8700204,-0.049698092,-0.35480234,-1.0375248,-0.42579296
78881,Michael Brand,CDU/CSU,-0.2892275,0.54049355,0.3890561,0.48135293,0.4191318,0.37581772,0.09202403,0.8765438
170159,Torben Braga,AfD,0.23600869,0.17530571,-0.7337112,-0.85104096,-0.10079519,-0.32019198,-1.0178653,-0.49372828
179823,Frederik Bouffier,CDU/CSU,-0.27657422,0.5287487,0.39531142,0.5205433,0.41432256,0.34868196,0.07188222,0.8724422
184315,Jorrit Bosch,Die Linke,0.31234917,-0.91208136,-0.24723384,0.63320506,0.13913652,-0.0141980965,0.9017649,-1.3931091
182852,Caroline Bosbach,CDU/CSU,-0.28611475,0.563224,0.41820222,0.4860913,0.4320908,0.36869794,0.083176896,0.83385724
165049,Simone Borchardt,CDU/CSU,-0.2792183,0.51302755,0.31338614,0.51172537,0.4114457,0.37003812,0.09782604,0.917323
182942,Hendrik Bollmann,SPD,-0.2656551,0.48682317,0.40789908,0.48202375,0.43425417,0.38913703,0.056467403,0.8567498
147321,Gereon Bollmann,AfD,0.25230113,0.15921713,-0.74766666,-0.9070026,-0.06676069,-0.36181375,-1.0409329,-0.50443786
130612,Peter Bohnhof,AfD,0.09283193,0.15393034,-0.6783708,-1.0111569,0.005852074,-0.47834033,-0.9689237,-0.30942005
145817,Peter Boehringer,AfD,0.106295295,0.27733025,-0.6660872,-1.0433723,-0.05172144,-0.4633086,-0.9367231,-0.3653735
182817,Leif Bodin,CDU/CSU,-0.27524042,0.57905895,0.39231327,0.47964984,0.37099767,0.36896956,0.051580057,0.83514327
159437,Violetta Bock,Die Linke,0.17987926,-0.9147911,-0.32899937,0.5704897,0.11023384,0.015197312,0.8884017,-1.3605125
168306,René Bochmann,AfD,0.028718736,0.8098908,-0.7521892,-0.68610644,0.36966157,-0.09018257,-0.8422463,-1.526022
174144,Michael Blos,AfD,0.13864404,0.24675629,-0.6821681,-1.0748808,0.039279018,-0.5269092,-0.97561777,-0.42325705
175933,Joachim Bloch,AfD,0.1330829,0.22460212,-0.72346485,-1.0450248,-0.032492083,-0.52516323,-0.974964,-0.34911418
145789,Andreas Bleck,AfD,0.124080166,0.16991039,-0.7036041,-1.093666,0.062360432,-0.54559714,-0.95231265,-0.33885616
175437,Jakob Blankenburg,SPD,-0.28330505,0.5345261,0.4212097,0.52408123,0.42052102,0.3596583,0.0363331,0.86183935
165159,Christoph Birghan,AfD,0.12271969,0.20927648,-0.71746236,-1.0579389,-0.005987028,-0.53913283,-0.9807765,-0.37454233
175849,Florian Bilic,CDU/CSU,-0.27243236,0.575845,0.34288338,0.45966563,0.40138474,0.40351397,0.0896316,0.8723921
79444,Steffen Bilger,CDU/CSU,-0.27382842,0.5570054,0.42254734,0.51151097,0.42456943,0.3807457,0.0704011,0.84585214
145893,Marc Biadacz,CDU/CSU,-0.28913212,0.52986264,0.42711547,0.50052047,0.3783413,0.3767963,0.09153964,0.88653624
79446,Peter Beyer,CDU/CSU,-0.27894932,0.51209784,0.3870308,0.5162981,0.42428517,0.38253376,0.08155108,0.86156094
146046,Lorenz Gösta Beutin,Die Linke,0.1882676,-0.92585576,-0.2977666,0.45359567,0.14609727,-0.061668992,0.62531585,-1.2577769
182947,Daniel Bettermann,SPD,-0.26570398,0.53594446,0.38368905,0.4823113,0.4172067,0.37778008,0.07017011,0.86483043
31218,Birgit Bessin,AfD,0.12355995,0.19470957,-0.68555164,-1.0873065,-0.032289043,-0.5281013,-0.91673374,-0.36659685
145860,Melanie Bernstein,CDU/CSU,-0.24869344,0.47599047,0.32499328,0.53512913,0.41679257,0.37014368,0.06284671,0.9126762
108754,Marc Bernhard,AfD,0.8348868,-0.18977445,-0.8515694,-0.18970026,-0.2475082,0.49600723,-1.5359222,-0.96566665
130480,Lukas Benner,BÜNDNIS 90/­DIE GRÜNEN,0.009079888,-0.80972415,0.49615124,-0.061384346,-0.88500243,-0.45242715,0.9877031,0.103164196
178435,Jens Behrens,SPD,-0.28098887,0.54117376,0.3908186,0.51492774,0.39745697,0.38094953,0.08401066,0.85643804
178606,Sascha van Beek,CDU/CSU,-0.22773434,0.42195427,0.31809115,0.40003344,0.3347721,0.28718728,0.08158323,0.69386476
180058,Desiree Becker,Die Linke,0.28593513,-0.93336594,-0.38120544,0.57749337,0.15904024,0.000945862,0.910823,-1.3581885
177567,Carsten Becker,AfD,0.063573,0.19853628,-0.6108391,-1.0882034,-0.12441659,-0.5104711,-0.95424163,-0.31912002
175596,Katharina Beck,BÜNDNIS 90/­DIE GRÜNEN,0.15162148,-0.9522586,0.5960903,-0.13806148,-0.9853381,-0.4491721,1.0207182,0.02187451
182891,Günter Baumgartner,CDU/CSU,-0.105268024,0.6072687,0.42477393,0.5219113,0.3809342,0.37637377,0.06918994,0.8548789
66273,Bernd Baumann,AfD,0.08341687,0.20799114,-0.6838656,-1.0248159,0.00026184745,-0.5315536,-0.89683956,-0.3447037
29476,Christina Baum,AfD,0.7236911,-0.32051626,-1.0690155,-0.13489543,0.014441166,0.41865435,-1.4970158,-1.037161
183247,Marcel Bauer,Die Linke,0.2963874,-0.8870468,-0.18333186,0.5748152,0.09414789,0.037813537,0.65430254,-1.3698763
79455,Bärbel Bas,SPD,-0.25702286,0.5505798,0.4247534,0.47017097,0.4218855,0.36327335,0.07585213,0.86824685
79454,Dietmar Bartsch,Die Linke,0.37429386,-1.0168884,-0.18857832,0.51720726,0.11020521,0.009046301,0.79989994,-1.2857815
78884,Sören Bartol,SPD,-0.28178224,0.51376575,0.37561622,0.48525617,0.42604476,0.352037,0.069803365,0.873454
79465,Thomas Bareiß,CDU/CSU,-0.2937713,0.53869903,0.40512034,0.5124676,0.4567526,0.39777973,0.08192875,0.9105334
145959,Felix Banaszak,BÜNDNIS 90/­DIE GRÜNEN,0.20646007,-0.9101795,0.6005128,-0.19965835,-1.0199733,-0.4926845,1.0557233,0.124184385
183520,Adam Balten,AfD,0.08096253,0.043443773,-0.64451903,-1.1419325,-0.0052611697,-0.53619003,-1.0385438,-0.29534507
175416,Daniel Baldy,SPD,-0.21970813,0.6709358,0.35199264,0.50627136,0.41356742,0.38194108,0.15485695,0.89418936
120254,Lisa Badum,BÜNDNIS 90/­DIE GRÜNEN,0.09176108,-0.97398657,0.4507613,-0.13659911,-1.0114391,-0.4832799,1.1922596,0.14041394
175907,Carolin Bachmann,AfD,0.8853976,-0.36599365,-0.79835856,-0.22225435,-0.14566393,0.5430303,-1.6303563,-1.0363021
165055,Cornell-Anette Babendererde,CDU/CSU,-0.24469848,0.555181,0.4261156,0.48018545,0.4451945,0.3490236,0.076019004,0.9085277
120442,Peter Aumer,CDU/CSU,-0.27095702,0.55800235,0.45826846,0.487816,0.45142454,0.38974234,0.068296246,0.8862776
78810,Artur Auernhammer,CDU/CSU,-0.29226872,0.5960694,0.388596,0.491404,0.4368893,0.38682353,0.08440637,0.9181037
175526,Andreas Audretsch,BÜNDNIS 90/­DIE GRÜNEN,0.22360505,-1.0071354,0.60165435,-0.1448544,-1.0327535,-0.5257631,1.0581638,0.12649819
182861,Tijen Ataoğlu,CDU/CSU,-0.101187386,0.56561315,0.49069014,0.46820003,0.53833306,0.4101455,0.086323544,0.9088322
183082,Ayse Asar,BÜNDNIS 90/­DIE GRÜNEN,0.15261148,-0.92360836,0.6738406,-0.27114332,-0.9790134,-0.43200883,1.110231,0.0780267
108373,Alexander Arpaschi,AfD,0.13012616,0.22946012,-0.66040313,-1.0852853,-0.031654533,-0.5814305,-0.9867924,-0.44009227
183266,Michael „Moses“ Arndt,Die Linke,0.3422018,-1.0020884,-0.293235,0.6586669,0.16161568,-0.015488903,0.89119416,-1.4433541
139271,Luise Amtsberg,BÜNDNIS 90/­DIE GRÜNEN,0.16751173,-0.94299793,0.5782525,-0.17002663,-1.0777361,-0.4678959,1.0627897,0.12213724
145862,Philipp Amthor,CDU/CSU,-0.2821753,0.6097472,0.43388066,0.48179328,0.46419495,0.35467592,0.10539381,0.8874246
145885,Norbert Maria Altenkamp,CDU/CSU,-0.32437864,0.63489366,0.42025608,0.4821898,0.26925945,0.44111723,0.014190737,0.8751814
183004,Alaa Alhamwi,BÜNDNIS 90/­DIE GRÜNEN,0.14559817,-0.9436223,0.6280245,-0.15579584,-1.0173827,-0.4917702,1.0880924,0.08656854
79476,Stephan Albani,CDU/CSU,-0.3124678,0.54064053,0.26280633,0.5131195,0.4182288,0.39550975,0.13035262,0.9184492
175486,Reem Alabali Radovan,SPD,-0.28803074,0.55701035,0.36324576,0.5294396,0.4623914,0.44176552,0.043340594,0.8381875
135459,Tarek Al-Wazir,BÜNDNIS 90/­DIE GRÜNEN,0.2243002,-0.8588578,0.5091685,-0.16888337,-1.0300117,-0.5106572,1.1236367,0.05767649
78952,Jan van Aken,Die Linke,0.24404159,-0.80454797,-0.18308425,0.35713845,-0.041435003,-0.018410828,0.65744364,-1.0985976
108563,Gökay Akbulut,Die Linke,0.28250116,-0.9774299,-0.19703591,0.5595213,0.009947041,0.0075114765,0.7907757,-1.3450065
175389,Adis Ahmetović,SPD,-0.29891294,0.53852034,0.40802756,0.50066084,0.43932635,0.38740444,0.0953347,0.8980568
182845,Anna Aeikens,CDU/CSU,-0.28021213,0.54697496,0.40895423,0.49534595,0.4327727,0.38392815,0.08212022,0.9088901
146180,Doris Achelwilm,Die Linke,0.2688022,-0.9692821,-0.33362776,0.5724098,0.22079329,-0.0218144,0.9899354,-1.4357463
29084,Knut Abraham,CDU/CSU,-0.30458635,0.5626383,0.4303421,0.49589875,0.3847228,0.4157728,0.05310517,0.89315563
175489,Sanae Abdi,SPD,-0.1764781,0.65778923,0.36003286,0.46910456,0.45012346,0.36105087,0.13153967,0.9058481
