politician_id,name,party,occupation,year_of_birth,field_title,sex,education,x,y
175453,Katrin Zschau,SPD,MdB,1976.0,,f,Politikwissenschaftlerin,-1.7676606,-4.7194986
145873,Michael Breilmann,CDU/CSU,Mitglied des Deutschen Bundestags,1983.0,,m,Jurist,-0.95681226,-6.636877
182901,Christoph Naser,CDU/CSU,Pfarrvikar,,,m,,-0.9852245,-6.647063
182899,Stefan Glaser,CDU/CSU,Business Development Manager,1990.0,,m,"Wirtschaftsrecht, LL.M.",-0.9411992,-6.6618714
182972,David Mandrella,SPD,Lehrer,2001.0,,m,,-0.7913024,-6.907684
184332,Mayra Vriesema,BÜNDNIS 90/­DIE GRÜNEN,,1999.0,,f,Politikwissenschaftlerin,8.030011,3.1400075
183275,Lisa Schubert,Die Linke,Student*in Sozialwissenschaften,2002.0,,d,,9.413212,7.5896807
182187,Andrea Lübcke,BÜNDNIS 90/­DIE GRÜNEN,Wissenschaftsbasierte Politikberatung,1978.0,Dr.,f,Physikerin,8.213455,3.1175773
182836,Reza Asghari,CDU/CSU,Professor,1961.0,,m,Doktor der Wirtschaftswissenschaften,-0.58737993,-8.408597
79014,Carsten Schneider,SPD,"MdB, Parlamentsgeschäftsführer im Bundestag",1976.0,,m,Bankkaufmann,-0.79946434,-8.053026
175896,Alexis Giersch,AfD,Kanalsteuerer a.D.,,,m,,-8.749228,4.6333437
79097,Aydan Özoğuz,SPD,MdB,,,f,,-0.6509431,-8.0541115
78834,Mahmut Özdemir,SPD,"Rechtsreferendar (beurlaubt), MdB",1987.0,,m,,-0.6378321,-8.0494
66563,Cansu Özdemir,Die Linke,MdHB & Studentin,1988.0,,f,,9.636036,7.6814785
175403,Armand Zorn,SPD,MdB,1988.0,,m,"Politologe, Ökonom und Wirtschaftsjurist",-0.633868,-7.7653575
178590,Ulrich von Zons,AfD,Rechtsanwalt & Fraktionsmitarbeiter,1968.0,,m,Volljurist,-8.44632,4.754717
182827,Vanessa-Kim Zobel,CDU/CSU,Bankkauffrau,1988.0,,f,Wirtschaftsfachwirtin (IHK geprüft),-0.64780307,-7.7582946
183503,Jörg Zirwes,AfD,Kreis-und Fraktionsvorsitzender AfD Cochem-Zell,1968.0,,m,Berufssoldat a.D.,-8.097636,4.8840938
175876,Nicolas Zippelius,CDU/CSU,MdB,1987.0,,m,Master of Arts,-0.68497497,-4.588737
175914,Diana Zimmer,AfD,Controllerin,1998.0,,f,Betriebswirtin (B.Sc.),-8.042806,4.849032
78902,Stefan Zierke,SPD,MdB,1970.0,,m,Werkzeugmacher Reiseverkehrskaufmann und Tourismusfachwirt,-0.66155213,-7.7732244
145878,Paul Ziemiak,CDU/CSU,MdB,1985.0,,m,,-0.7150784,-7.78112
145732,Kay-Uwe Ziegler,AfD,MdB,1963.0,,m,Veterinäringenieur,-8.233521,5.9866877
78904,Emmi Zeulner,CDU/CSU,MdB,1987.0,,f,Examinierte Gesundheits- und Krankenpflegerin,-0.66360915,-7.7381463
183257,Anne Zerr,Die Linke,Gewerkschaftssekretärin,1993.0,,f,,8.039558,5.7311616
178558,Daniel Zerbin,AfD,Professor für Kriminalwissenschaften,,,m,,-8.358341,4.729936
178644,Christian Zaum,AfD,Lehrer,1969.0,,m,1. und 2. Staatsexamen für Lehramt Gymnasium,-8.769399,4.137898
130692,Serdar Yüksel,SPD,,1973.0,,m,,-0.72281665,-7.77281
149653,Mareike Lotte Wulf,CDU/CSU,Geschäftsführerin Bereich Bildung bei den Unternehmerverbänden Niedersachsen (UVN),1979.0,,f,Diplom Sozialwissenschaftlerin,-0.7177592,-7.8116655
66277,Alexander Wolf,AfD,"MdHB, Rechtsanwalt",1967.0,,m,Volljurist,-8.3467455,4.7367454
135302,Janine Wissler,Die Linke,MdB,1981.0,,f,Dipl. Politologin,9.505988,7.693618
133683,Mechthilde Wittmann,CDU/CSU,MdB,1967.0,,f,"Bankkauffrau, Studium BWL, Jura und Maschinenbau",-0.63713396,-7.8235183
150296,Christian Wirth,AfD,MdB,1963.0,Dr.,m,Rechtsanwalt,-8.635417,4.3871408
146013,Tina Winklmann,BÜNDNIS 90/­DIE GRÜNEN,MdB,1980.0,,f,Verfahrensmechanikerin für Kunststoff- und Kautschuktechnik,8.215607,2.9364493
142259,Tobias Winkler,CDU/CSU,MdB,1978.0,,m,Dipl. sc. pol. Univ.,-0.75796396,-8.013372
78916,Elisabeth Winkelmeier-Becker,CDU/CSU,MdB,1962.0,,f,"Studium der Rechtswissenschaften, Richterin am Amtsgericht a.D.",-0.7568335,-7.7753468
182855,Johannes Winkel,CDU/CSU,,,,m,,-0.691335,-4.5477524
78914,Klaus-Peter Willsch,CDU/CSU,MdB,1961.0,,m,Dipl. Volkswirt,-0.7058414,-7.7273884
182209,Christin Willnat,Die Linke,Übersetzerin und Integrationshelferin,1986.0,,f,,9.272453,7.4780273
78913,Dirk Wiese,SPD,Bundestagsabgeordneter,1983.0,,m,Jurist,-0.72958094,-7.810186
175862,Klaus Wiener,CDU/CSU,MdB,1962.0,Dr.,m,"Ausbildung zum Energieanlagenelektroniker, Studium und Promotion im Fach Volkswirtschaftslehre",-0.7004309,-7.800657
145806,Wolfgang Wiehle,AfD,Bundestagsabgeordneter,1964.0,,m,Diplom-Informatiker,-8.115427,4.8930597
175895,Johannes Wiegelmann,CDU/CSU,Rechtsanwalt,1993.0,,m,Volljurist,-0.57288533,-4.602671
78817,Kai Whittaker,CDU/CSU,MdB,1985.0,,m,,-0.87775815,-4.5700703
175968,Sven Wendorf,AfD,Verwaltungsfachangestellter,1972.0,,m,Verwaltungsfachangestellter,-7.819656,4.493917
175867,Maria-Lena Weiss,CDU/CSU,MdB,1981.0,Dr.,f,Juristin,-0.6273021,-7.740581
175015,Claudia Weiss,AfD,"Referentin für Arbeit, Gesundheit, Soziales und Gleichstellung",1975.0,,f,Pflegedienstleiterin,-8.097131,5.3573723
78919,Anja Weisgerber,CDU/CSU,MdB,1976.0,,f,Rechtsanwältin,-0.66870195,-7.7693515
175947,Mathias Weiser,AfD,kaufmännischer Leiter,1986.0,,m,M.A.,-8.800403,4.4987545
108379,Alice Weidel,AfD,"MdB, Fraktionsvorsitzende AfD im Bundestag",1979.0,,f,Volkswirtin,-7.8118744,4.7197223
175409,Carmen Wegge,SPD,MdB,1989.0,,f,Juristin,-0.7109512,-7.8479896
78805,Nina Warken,CDU/CSU,MdB,1979.0,,f,Rechtsanwältin,-0.6385978,-7.7096567
165836,Daniel Walter,SPD,,1991.0,,m,LL.M. European Law,-0.648118,-7.7574406
175464,Maja Wallstein,SPD,MdB,1986.0,,f,,0.4771616,-6.9835863
182890,Siegfried Walch,CDU/CSU,Landrat,1984.0,,m,,-0.689632,-7.76221
175309,Sascha Wagner,Die Linke,Angestellter Fraktionsgeschäftsführer,1980.0,,m,,9.1671,7.6547055
175584,Johannes Wagner,BÜNDNIS 90/­DIE GRÜNEN,Arzt in Weiterbildung zum Kinderarzt,1991.0,,m,Humanmediziner,8.352029,3.0185807
175410,Carolin Wagner,SPD,MdB,1982.0,Dr.,f,Germanistin,-0.66857433,-4.603835
145969,Robin Wagener,BÜNDNIS 90/­DIE GRÜNEN,MdB,1980.0,,m,Jurist,8.433717,2.726781
146020,Niklas Wagener,BÜNDNIS 90/­DIE GRÜNEN,Student,1998.0,,m,Forstwirtschaft,8.28902,2.929092
78818,Johann Wadephul,CDU/CSU,MdB,1963.0,Dr.,m,Jurist,-0.727204,-7.675312
78938,Dirk Vöpel,SPD,MdB,1971.0,,m,,-0.7014959,-7.758836
146784,Marja-Liisa Völlers,SPD,MdB,1984.0,,f,,-0.7314655,-7.6360803
66002,Christoph de Vries,CDU/CSU,MdB,1974.0,,m,Diplom-Soziologe,-0.70446473,-8.254778
183219,Sarah Vollath,Die Linke,Leitung oGts,1995.0,,f,Sozialarbeiterin,9.596659,7.5572667
182876,Johannes Volkmann,CDU/CSU,Büroleiter von MdEP Dr. Sven Simon,,,m,M.Sc. in Contemporary Chinese Studies,-0.60996366,-4.5657887
170273,Donata Vogtschmidt,Die Linke,Mitglied des Deutschen Bundestages,1998.0,,f,Staatswissenschaftlerin,9.450872,7.6000395
145876,Oliver Vogt,CDU/CSU,MdB,1977.0,Dr.,m,Diplom-Physiker,-0.72874856,-7.7772827
182935,Ingo Vogel,SPD,,,,m,,-0.6747555,-7.7417574
145877,Kerstin Vieregge,CDU/CSU,MdB,1976.0,,f,Betriebswirtin,-0.7199029,-8.00108
78944,Julia Verlinden,BÜNDNIS 90/­DIE GRÜNEN,"Mitglied des Bundestags, stellvertretende Fraktionsvorsitzende von Bündnis 90/Die Grünen",1979.0,Dr.,f,Diplom Umweltwissenschaften & Promotion,8.394826,2.9411073
31073,Isabelle Vandre,Die Linke,,1989.0,,f,Politikwissenschaftlerin,9.549073,7.457522
183231,Aaron Valent,Die Linke,,1997.0,,m,Auszubildender,9.27671,7.5651436
183483,Martina Uhr,AfD,,,,f,,-8.0395,4.8388495
175599,Katrin Uhlig,BÜNDNIS 90/­DIE GRÜNEN,MdB,1982.0,,f,,8.224084,2.935846
175419,Derya Türk-Nachbaur,SPD,MdB,1973.0,,f,Versicherungsfachfrau und Pädagogische Fachkraft,-0.70823854,-7.734189
136824,Markus Töns,SPD,MdB,1964.0,,m,M.A. Politikwissenschaften,-0.67680514,-7.783167
175394,Anja Troff-Schaffarzyk,SPD,MdB,1969.0,,f,Dipl.-Pädagogin,-0.6644625,-7.731977
180245,Bastian Treuheit,AfD,Kaufmännischer Angestellter in leitender Funktion,1998.0,,m,,-8.143418,4.884082
175351,Gerhard Trabert,Die Linke,"Hochschullehrer, Sozial-Mediziner",1956.0,Prof. Dr.,m,"Diplom-Sozialpädagoge, Arzt für Allgemeinmedizin und Notfallmedizin",-1.1954538,0.8123369
78958,Astrid Timmermann-Fechter,CDU/CSU,MdB,1963.0,,f,Selbstständige Unternehmerin,-0.6908622,-7.5486403
108605,Alexander Throm,CDU/CSU,MdB,1968.0,,m,Volljurist,-0.752122,-8.05511
178690,Ulrich Thoden,Die Linke,Berufsschullehrer,1973.0,,m,Diplom-Theologe,9.73196,7.8625126
78960,Michael Thews,SPD,MdB,1964.0,,m,Diplom Chemie-Ingenieur,-0.6899208,-7.7847075
158687,Hans Theiss,CDU/CSU,Arzt und Professur für Innere Medizin,1977.0,Prof. Dr.,m,Medizinstudium,-0.6437412,-7.7956457
138346,Roland Theis,CDU/CSU,Landtagsabgeordneter,1980.0,,m,Jurist,-0.75800395,-8.014176
181949,Robert Teske,AfD,Mitglied des Bundestages,1990.0,,m,Speditionskaufmann,-8.206027,6.3136573
175538,Awet Tesfaiesus,BÜNDNIS 90/­DIE GRÜNEN,Partnerin einer Kanzlei,1974.0,,f,Rechtsanwältin,8.291783,2.9859133
158594,Tobias Teich,AfD,,,,m,,-8.204335,4.474448
182828,Vivian Tauschwitz,CDU/CSU,Master Internationale Beziehungen - Rechtswissenschaften,1994.0,,f,Zeitsoldatin,-1.7594694,-7.093653
175488,Ruppert Stüwe,SPD,MdB,1978.0,,m,Dipl. Volkswirt,-0.70110846,-7.822973
177578,Christina Stumpp,CDU/CSU,MdB,1987.0,,f,"Steuerrechtlerin LL.B., Verwaltungswirtin",-0.7133765,-7.7504106
182851,Hendrik Streeck,CDU/CSU,,1977.0,,m,Virologe,-0.7335765,-7.769762
175953,Otto Strauß,AfD,Geschäftsführer in einem Betrieb für Luft- und Raumfahrt,1954.0,,m,Dachdeckermeister,-8.062743,4.808928
182862,Katja Strauss-Köster,CDU/CSU,Bürgermeisterin der Stadt Herdecke,1970.0,Dr.,f,Studium der Raumplanung,-0.684923,-7.759034
78976,Stephan Stracke,CDU/CSU,MdB,1974.0,,m,Volljurist,-0.6796361,-7.7767215
29202,Beatrix von Storch,AfD,MdB,1971.0,,f,Juristin,-7.786827,4.6687546
78979,Dieter Stier,CDU/CSU,MdB,1964.0,,m,Dipl. Ing. agr.,-0.6585124,-7.765668
78939,Christian von Stetten,CDU/CSU,MdB,1970.0,,m,selbstständiger Kaufmann,-0.6616263,-7.786755
175972,Thomas Stephan,AfD,Versicherungsvermittler,1970.0,,m,Selbst. Versicherungs- und Finanzanlagenfachmann,-8.414085,5.2133164
164996,Hanna Steinmüller,BÜNDNIS 90/­DIE GRÜNEN,MdB,1993.0,,f,Sozialwissenschaftlerin,8.346523,2.8965971
78797,Johannes Steiniger,CDU/CSU,MdB,1987.0,,m,Gymnasiallehrer,-0.698565,-7.625955
182839,Sebastian Steineke,CDU/CSU,"Rechtsanwalt, MdB",1973.0,,m,Volljurist,-0.74873585,-7.7405415
183064,Sandra Stein,BÜNDNIS 90/­DIE GRÜNEN,Familienunternehmerin,1986.0,,f,B.A. in Medienwissenschaft & Philosophie,8.305493,2.8709576
139062,Ralf Stegner,SPD,MdB,1959.0,,m,"Studium der Politikwissenschaft, Geschichte und Germanistik",-0.7709344,-7.602187
78981,Albert Stegemann,CDU/CSU,MdB,1976.0,,m,Landwirtschaftsmeister,-0.65567976,-7.7454047
78988,Wolfgang Stefinger,CDU/CSU,MdB,1985.0,,m,,-0.6623612,-7.776335
66475,Till Steffen,BÜNDNIS 90/­DIE GRÜNEN,MdB,1973.0,Dr.,m,Rechtsanwalt und Fachanwalt für Verwaltungsrecht,8.226903,2.8321652
183211,Julia-Christina Stange,Die Linke,Fachkinderkrankenschwester,1978.0,,f,Fachkinderkrankenschwester,9.533208,7.7008677
145898,Katrin Staffler,CDU/CSU,MdB,1981.0,,f,Biochemikerin M.Sc.,-0.6578665,-7.7884564
78996,Svenja Stadler,SPD,MdB,1976.0,,f,Senior-PR-Beraterin,-1.6947211,-7.024182
145723,René Springer,AfD,MdB,1979.0,,m,Meister Elektrotechnik / Politikwissenschaftler M.A.,-7.9933257,4.702666
78993,Jens Spahn,CDU/CSU,MdB,1980.0,,m,Bankkaufmann,-0.6770725,-7.7234483
78992,Tino Sorge,CDU/CSU,MdB,1975.0,,m,Jurist,-0.7662303,-7.7304645
164992,Nyke Slawik,BÜNDNIS 90/­DIE GRÜNEN,Bundestagsabgeordnete,1994.0,,f,Wissenschaftliche Mitarbeiterin,8.437436,2.9958994
145888,Björn Simon,CDU/CSU,MdB,1981.0,,m,,-0.6510996,-7.7450805
78831,Thomas Silberhorn,CDU/CSU,MdB,1968.0,,m,Rechtsanwalt,-0.7299541,-7.8320704
145823,Martin Sichert,AfD,MdB,1980.0,,m,Diplom-Kaufmann,-9.219212,6.349104
175519,Lina Seitzl,SPD,MdB,1989.0,Dr.,f,wissenschaftliche Mitarbeiterin und Hochschuldozentin,-0.6816407,-7.817235
182873,Nora Seitz,CDU/CSU,,,,f,,-0.6834365,-7.806214
183482,Dario Seifert,AfD,,,,m,,-8.76454,4.9156
78825,Detlef Seif,CDU/CSU,MdB,1962.0,,m,Studium der Rechtswissenschaften,-0.68913305,-7.7954926
176316,Stefan Seidler,fraktionslos,MdB,1979.0,,m,Master of Science,7.424406,-1.144079
175370,Evelyn Schötz,Die Linke,Pflegekraft in der allgemeinpsychiatrischen Station bei den Bezirkskliniken Mittelfranken,1961.0,,f,staatlich anerkannte Altenpflegerin,9.604678,7.745726
158733,Marlene Schönberger,BÜNDNIS 90/­DIE GRÜNEN,Politikwissenschaftlerin an der LMU München,1990.0,,f,Politikwissenschaftlerin M.A.,8.252369,2.9271493
175522,Johannes Schätzl,SPD,MdB,1993.0,,m,Informatiker,-0.69630533,-7.7813883
175649,Sebastian Schäfer,BÜNDNIS 90/­DIE GRÜNEN,MdB,1979.0,Dr.,m,Wirtschaftswissenschaftler,8.313269,2.9322462
175580,Jamila Anna Schäfer,BÜNDNIS 90/­DIE GRÜNEN,MdB,1993.0,,f,,7.9032874,3.2598221
180854,Ines Schwerdtner,Die Linke,Publizistin,1989.0,,f,,9.230957,7.7246475
79001,Rita Schwarzelühr-Sutter,SPD,"Parlamentarische Staatssekretärin, MdB",1962.0,,f,Diplom-Betriebswirtin,-0.72711664,-7.7973056
79000,Andreas Schwarz,SPD,MdB,1965.0,,m,Dipl. Betriebswirt (FH),-0.70698446,-7.7848773
78999,Stefan Schwartze,SPD,MdB,1974.0,,m,Industriemechaniker,-0.70779675,-7.76029
78998,Frank Schwabe,SPD,MdB,1970.0,,m,Gästeführer,-0.7441325,-7.6379457
131019,Svenja Schulze,SPD,Bundesministerin für Wirtschaftliche Zusammenarbeit und Entwicklung und MdB,1968.0,,f,Germanistin und Politikwissenschaftlerin (Magister) und Unternehmensberaterin,-0.701396,-8.012508
145770,Uwe Schulz,AfD,MdB,1961.0,,m,Siehe Lebenslauf,-8.302785,5.286656
182848,Marvin Schulz,CDU/CSU,,,,m,,-0.65883505,-4.5582995
175905,Bernd Schuhmann,AfD,,,,m,Gartenbaumeister,-7.920108,5.660149
170151,Stefan Schröder,AfD,Referent,1983.0,,m,M.A. Geschichtswissenschaften,-8.119619,3.042049
183529,Georg Schroeter,AfD,,,,m,,-7.685529,5.0431747
121738,Michael Schrodi,SPD,MdB,1977.0,,m,"Gymnasiallehrer für Deutsch, Geschichte und Sozialkunde",-0.70490223,-7.7865987
108783,Felix Schreiner,CDU/CSU,MdB,1986.0,,m,,-0.68822575,-7.764432
29441,Johannes Schraps,SPD,MdB,1983.0,,m,"Politikwissenschaften, M.A.",-0.703831,-7.761909
66924,Olaf Scholz,SPD,"Bundeskanzler der Bundesrepublik Deutschland,MdB",1958.0,,m,Rechtsanwalt,-0.6343224,-7.741093
78836,Patrick Schnieder,CDU/CSU,MdB,1968.0,,m,Jurist,-0.6448612,-7.7671213
176576,Julia Schneider,BÜNDNIS 90/­DIE GRÜNEN,Regierungsrätin a. P.,1990.0,,f,Master of European Studies & Master of Intercultural Communication Studies,8.338611,2.7477078
140944,Uwe Schmidt,SPD,Mitglied des Bundestages,1966.0,,m,Hafenfacharbeiter,-0.76252574,-7.8900647
121977,Stefan Schmidt,BÜNDNIS 90/­DIE GRÜNEN,MdB,1981.0,,m,"Lehramt Hauptschullehrer, Schwerpunkt Sozialkunde",8.372178,2.971826
182821,Sebastian Schmidt,CDU/CSU,Betriebsratsvorsitzender,1993.0,,m,staatlich geprüfter Betriebswirt,-0.71530384,-7.782594
108815,Paul Schmidt,AfD,Betriebsphysiker in der Energieerzeugung,1966.0,,m,"Dr. rer. nat. (Biophysik), M.S. und B.S. in Physik",-8.06795,4.8705544
145768,Julian Schmidt,AfD,Büroleiter,1989.0,,m,"Wirtschaftsingenieur, Fluggerätmechaniker",-7.9207935,4.819229
152755,Jan Wenzel Schmidt,fraktionslos,MdB,1991.0,,m,"Handelsfachwirt, Meister für Schutz und Sicherheit",-8.042324,4.886636
66004,Henri Schmidt,CDU/CSU,Geschäftsführer eines mittelständischen IT Unternehmens,1983.0,,m,"Offizier, Studium (Politikwissenschaften, Betriebswirtschaftslehre)",-0.7231732,-7.763975
79036,Dagmar Schmidt,SPD,MdB,1973.0,,f,Historikerin,-0.6457603,-7.7814713
108960,Nils Schmid,SPD,MdB,1973.0,,m,Jurist,-0.7185108,-7.743277
141311,Christoph Schmid,SPD,MdB,,,m,,-0.70711017,-7.8503833
175286,David Schliesing,Die Linke,"Dramaturg, Audioredakteur",1983.0,,m,Diplom-Schauspielregiesseur,9.473547,7.640259
175942,Manfred Schiller,AfD,,1961.0,,m,Radio- und Fernsehtechniker,-7.694178,4.446295
180235,Carina Schießl,AfD,,1990.0,,f,Medizinisch-technische Laboratoriumsassistentin,-8.68301,4.4712224
168672,Lars Schieske,AfD,,1977.0,,m,,-8.013765,4.831505
123546,Ulrike Schielke-Ziesing,AfD,MdB,1969.0,,f,Verwaltungswirt,-8.267462,4.6659775
175017,Volker Scheurell,AfD,Tischler und Dachdecker,1967.0,,m,Handwerker,-7.930239,4.6422205
170325,Christiane Schenderlein,CDU/CSU,MdB und MdL,1981.0,Dr.,f,Politikwissenschaftlerin,-0.69493425,-7.7333803
175956,Raimond Scheirich,AfD,,,,m,Diplom Ingenieur,-7.689844,4.5114827
79023,Nina Scheer,SPD,MdB,1971.0,Dr.,f,"Musikstudium, Jurastudium, Politikwissenschaftliche Promotion",-0.6802894,-7.7034283
79021,Ulle Schauws,BÜNDNIS 90/­DIE GRÜNEN,MdB,1966.0,,f,"Film-, Fernseh-, Politikwissenschaften und Geschichte",8.247932,2.89869
175904,Bernd Schattner,AfD,Geschäftsführer,1968.0,,m,Verwaltungsfachangestellter,-9.71842,5.1902723
182856,Carl-Philipp Sassenrath,CDU/CSU,,1990.0,,m,Jurastudium,-0.70389897,-7.867088
175836,Catarina dos Santos-Wintz,CDU/CSU,MdB,1994.0,,f,Juristin,-0.7826339,-8.159495
184320,Zada Salihović,Die Linke,Gewerkschafterin,2000.0,,f,,9.527825,7.6104555
175594,Kassem Taher Saleh,BÜNDNIS 90/­DIE GRÜNEN,MdB,1993.0,,m,Diplom-Ingenieur,8.302699,2.8973873
79032,Johann Saathoff,SPD,MdB,1967.0,,m,Diplom-Verwaltungswirt (FH),-0.71656466,-7.805895
79051,Bernd Rützel,SPD,MdB,1968.0,,m,Technischer Oberamtsrat a.D.,-0.7185509,-7.77704
79046,Corinna Rüffer,BÜNDNIS 90/­DIE GRÜNEN,MdB,1975.0,,f,,6.679732,4.911651
73300,Thomas Röwekamp,CDU/CSU,MdB,1966.0,,m,Rechtsanwalt und Notar,-0.6760437,-7.7260675
79043,Norbert Röttgen,CDU/CSU,MdB,1965.0,Dr.,m,Studium der Rechtswissenschaften,-0.6785803,-7.7829747
79047,Albert Rupprecht,CDU/CSU,MdB,1968.0,,m,Dipl. Volkswirt,-0.7175199,-7.8243523
145843,Ruben Rupp,AfD,Wissenschaftlicher Referent,1990.0,,m,"B.Sc. der Wirtschaftswissenschaften, Kaufmann im Einzelhandel",-7.8801246,4.793567
182913,Daniela Rump,SPD,,1996.0,,f,Jurastudentin,-0.6997575,-7.7234964
183489,Angela Rudzka,AfD,Referentin im niedersächsischen Landtag,1984.0,,f,Kauffrau für Büromanagement und Friseurin,-6.984339,4.862714
175502,Thorsten Rudolph,SPD,MdB,1974.0,Dr.,m,Diplom-Volkswirt und promovierter Literaturwissenschaftler,-0.7233447,-7.7481
145872,Stefan Rouenhoff,CDU/CSU,MdB,1978.0,,m,"Ausgebildeter Bauzeichner, Diplom-Volkswirt, Politikwissenschaftler (MA)",-0.67073095,-7.995241
182949,Philipp Rottwilm,SPD,Bürgermeister,1984.0,Dr.,m,Diplom-Kaufmann,-0.7145432,-7.767381
165158,Rainer Rothfuß,AfD,MdB,1971.0,Dr.,m,Dipl.-Geograph,-9.439512,5.788757
182900,Johannes Rothenberger,CDU/CSU,Rechtsanwalt,,,m,Studium der Politik- und Rechtswissenschaft,-0.6932898,-7.765564
79041,Claudia Roth,BÜNDNIS 90/­DIE GRÜNEN,MdB,1955.0,,f,Dramaturgin,7.7197022,2.835378
146839,Sebastian Roloff,SPD,MdB,1983.0,,m,Jurist,-0.70435,-7.7419853
30936,Lars Rohwer,CDU/CSU,MdB,1972.0,,m,Bankkaufmann,-0.72926,-7.780728
79066,Dennis Rohde,SPD,MdB,1986.0,,m,Jurist,-0.70988,-7.818105
146806,Daniel Rinkert,SPD,MdB,1987.0,,m,Jurist,-0.7211428,-7.821934
183055,Sylvia Rietenberg,BÜNDNIS 90/­DIE GRÜNEN,,,,f,,8.281089,2.9428566
181741,Matthias Rentzsch,AfD,,1977.0,,m,,-8.076972,4.842952
121673,Martin Erwin Renner,AfD,MdB,1954.0,,m,Diplom-Betriebswirt,-8.361488,3.5125022
180856,Lea Reisner,Die Linke,MdB Mitarbeiterin,1989.0,,f,Gesundheits- und Krankenpflegerin,9.528659,7.7609534
146043,Anja Reinalter,BÜNDNIS 90/­DIE GRÜNEN,Mitglied des Deutschen Bundestages,1970.0,Dr.,f,Professorin für Soziale Arbeit,8.397008,2.7416499
149570,Heidi Reichinnek,Die Linke,Mitglied des Bundestags,1988.0,,f,pädagogische Mitarbeiterin in der Jugendhilfe,9.478587,7.467389
175869,Markus Reichel,CDU/CSU,Selbstständiger Unternehmer,1968.0,Dr.,m,Promovierter Wirtschaftsmathematiker,-0.7342077,-7.788109
182905,Truels Reichardt,SPD,Angestellter,1994.0,,m,Sozialarbeiter / Sozialpädagoge mit staatlicher Anerkennung,-0.6847168,-7.691033
150298,Martin Reichardt,AfD,MdB,1969.0,,m,Offizier und Pädagoge,-7.8396363,5.4261575
175940,Lukas Rehm,AfD,,,,m,,-7.9829865,4.7736616
130301,Henning Rehbaum,CDU/CSU,MdB,1973.0,,m,Dipl.-Betriebswirt (FH),-0.68990123,-7.745474
182879,Pascal Reddig,CDU/CSU,Rechtsanwalt,1995.0,,m,Volljurist,-0.5729661,-4.6053433
183533,Christian Reck,AfD,,1987.0,,m,,-8.394668,4.703463
182324,Arne Onni Raue,AfD,Bürgermeister,1970.0,,m,"Baufacharbeiter, DiplomVerwaltungswirt (FH)",-7.7218995,3.9327357
31607,Bodo Ramelow,Die Linke,"MdB, Bundestagsvizepräsident",1956.0,,m,Kaufmann,7.0734434,7.0858846
79067,Alois Rainer,CDU/CSU,MdB,1965.0,,m,Metzgermeister,-0.60495895,-7.7447777
79069,Alexander Radwan,CDU/CSU,MdB,1964.0,,m,Rechtsanwalt und Diplom-Ingenieur,-0.37683254,-7.7701545
79070,Kerstin Radomski,CDU/CSU,MdB,1974.0,,f,Lehrerin für Biologie und Erdkunde,-0.7650826,-7.8314834
79071,Thomas Rachel,CDU/CSU,MdB,1962.0,,m,"Studium der Politologie, der Geschichte und des Staatsrechts",-0.81235486,-7.928268
79073,Martin Rabanus,SPD,MdB,1971.0,,m,Ministerialrat,-0.6756519,-7.7494974
179282,Marcel Queckemeyer,AfD,,,,m,,-8.362837,4.8387084
182865,Oliver Pöpsel,CDU/CSU,Mitglied des Deutschen Bundestages,1973.0,,m,,-0.74160445,-7.954178
183481,Kerstin Przygodda,AfD,,,,f,,-8.740264,4.2685933
121997,Stephan Protschka,AfD,MdB,1977.0,,m,,-7.9982977,4.352052
182896,David Preisendanz,CDU/CSU,Syndikusrechtsanwalt,1984.0,Dr.,m,Rechtsanwalt,-0.7051946,-8.084294
79077,Sabine Poschmann,SPD,MdB,1968.0,,f,Betriebswirtin (VWA),-0.6764893,-8.062066
136013,Filiz Polat,BÜNDNIS 90/­DIE GRÜNEN,MdB,1978.0,,f,Diplom-Volkswirtin,8.682443,2.6850681
178149,Jan-Wilhelm Pohlmann,CDU/CSU,MdL,1986.0,,m,B. A. Politik- und Verwaltungswissenschaft,-0.6786559,-8.105252
175871,Martin Plum,CDU/CSU,MdB,1982.0,Dr.,m,Richter am Arbeitsgericht a.D.,-0.7291386,-8.083349
66005,Christoph Ploß,CDU/CSU,MdB,1985.0,Dr.,m,Historiker,-0.6534797,-8.055702
149389,Boris Pistorius,SPD,"Bundesverteidigungsminister, MdB",1960.0,,m,Jurist,-0.80092007,-8.225229
145901,Stephan Pilsinger,CDU/CSU,MdB,1987.0,,m,Arzt,-0.6221921,-8.069022
31707,Paula Piechotta,BÜNDNIS 90/­DIE GRÜNEN,MdB,1986.0,Dr.,f,Ärztin,8.581107,2.8603728
122063,Tobias Matthias Peterka,AfD,MdB,1982.0,,m,,-8.362329,5.6073046
146117,Sören Pellmann,Die Linke,Bundestagabgeordneter,1977.0,,m,"Studium Rechtswissenschaft, Lehramt an Förderschulen",9.493932,7.6715865
175443,Jens Peick,SPD,MdB,1981.0,,m,Diplom Verwaltungswirt (FH),-0.6646481,-8.060764
146824,Natalie Pawlik,SPD,MdB,1992.0,,f,Geschichts- und Kulturwissenschaften B.A.,-0.74838036,-8.012242
79090,Lisa Paus,BÜNDNIS 90/­DIE GRÜNEN,MdB,1968.0,,f,Diplom Volkswirtin,8.547165,2.8626587
182877,Thomas Pauls,CDU/CSU,Projektmanager in der Strategie,1986.0,Dr.,m,Wirtschaftswissenschaftler,-0.670372,-8.063951
184319,Denis Pauli,AfD,Bauingenieur,1978.0,,m,,-8.387585,4.7251267
145700,Andreas Paul,AfD,Offizier,1978.0,,m,Staatl. gepr. Betriebswirt,-8.454822,4.7558713
175374,Luigi Pantisano,Die Linke,,1979.0,,m,Dipl.-Ing. Architekt und Stadtplaner,9.717692,7.9040184
136381,Christos Pantazis,SPD,MdB,1975.0,Dr.,m,Arzt,-0.6518976,-8.0286255
79108,Florian Oßner,CDU/CSU,MdB,1980.0,,m,Diplom-Volkswirt (Uni),-0.67187047,-8.047173
145808,Gerold Otten,AfD,MdB,1955.0,,m,Oberst d.R. a.D.,-8.251869,4.0534964
175593,Karoline Otte,BÜNDNIS 90/­DIE GRÜNEN,MdB,1996.0,,f,Kreisinspektorin,8.508688,2.8933306
145890,Josef Oster,CDU/CSU,MdB,1971.0,,m,Diplom-Verwaltungswirt (FH),-0.6479389,-8.063756
146867,Josephine Ortleb,SPD,MdB,1986.0,,f,Fachwirtin im Gastgewerbe,-0.5848521,-7.9467688
182887,Harald Orthey,CDU/CSU,,,,m,Verwaltungsbetriebswirt,-0.6583599,-8.025626
175848,Florian Oest,CDU/CSU,,1987.0,,m,Master of Business Administration,-0.70152,-8.033949
79106,Wilfried Oellers,CDU/CSU,MdB,1975.0,,m,Rechtsanwalt,-0.6645497,-8.08181
79103,Omid Nouripour,BÜNDNIS 90/­DIE GRÜNEN,MdB,1975.0,,m,,8.450884,2.9357896
78819,Konstantin von Notz,BÜNDNIS 90/­DIE GRÜNEN,MdB,1971.0,Dr.,m,Jurist,8.159335,2.9988463
145764,Jan Ralf Nolte,AfD,MdB,1988.0,,m,Kaufmännischer Assistent für Fremdsprachen und Bürokommunikation,-8.322694,4.708021
110154,Iris Nieland,AfD,Mitglied des Deutschen Bundestages,1960.0,,f,Bankkauffrau,-7.6414485,5.7268267
121794,Ophelia Nick,BÜNDNIS 90/­DIE GRÜNEN,MdB,1973.0,Dr.,f,Tierärztin,8.536494,3.010287
184031,Charlotte Neuhäuser,Die Linke,,1998.0,,f,,9.802769,7.4736114
175916,Edgar Naujok,AfD,Unternehmer,1960.0,,m,DV Kaufmann,-9.71722,5.79312
175484,Rasha Nasr,SPD,MdB,1992.0,,f,Politikwissenschaftlerin,-0.67676175,-8.087416
175643,Sara Nanni,BÜNDNIS 90/­DIE GRÜNEN,MdB,1987.0,,f,Friedens- und Konfliktforscherin,8.61136,2.8698523
130574,Stefan Nacke,CDU/CSU,MdB,1976.0,Dr.,m,"Sozialethiker, Dr. phil.",-0.67557544,-8.03701
78838,Rolf Mützenich,SPD,MdB,1959.0,Dr.,m,Poltikwissenschaftler,-0.72741413,-7.674389
145795,Sebastian Münzenmaier,AfD,"MdB, Fraktionsgeschäftsführer",1989.0,,m,,-8.863787,4.351165
145867,Sepp Müller,CDU/CSU,MdB,1989.0,,m,diplomierter Bankbetriebswirt,-0.6893449,-7.98456
146018,Sascha Müller,BÜNDNIS 90/­DIE GRÜNEN,MdB,1970.0,,m,Sportjournalist,8.533503,2.8534608
175894,Florian Müller,CDU/CSU,MdB,1987.0,,m,Bachelor of Arts Arbeitsmarktmanagement und Master of Arts,-0.6726707,-8.0616255
121017,Claudia Müller,BÜNDNIS 90/­DIE GRÜNEN,MdB,1981.0,,f,Betriebswirtschaft,8.418366,2.6505322
79116,Carsten Müller,CDU/CSU,MdB,1970.0,,m,"Bankkaufmann, Rechtsanwalt",-0.73532796,-8.027555
145896,Axel Müller,CDU/CSU,MdB,1963.0,,m,,-0.69304794,-8.043461
97972,Stefan Möller,AfD,"MdB, Rechtsanwalt",1975.0,,m,Volljurist,-7.5353017,5.7427197
146780,Siemtje Möller,SPD,MdB,1983.0,,f,Lehrerin,-0.7595694,-8.050443
182888,Christian Moser,CDU/CSU,Jurist beim Freistaat,,,m,,-0.6970781,-8.0964155
176762,Matthias Moosdorf,AfD,MdB,1965.0,,m,Diplom,-7.2603917,3.9461758
146801,Claudia Moll,SPD,MdB,1968.0,,f,"staatlich anerkannte examinierte Altenpflegerin, Fachkraft für Gerontopsychiatrie",-0.66291463,-8.244237
158609,Reinhard Mixl,AfD,,,,m,,-8.457199,4.793672
108876,Sahra Mirow,Die Linke,Bundestagsabgeordnete,1984.0,,f,Sinologin,9.896108,7.7377973
166077,Sergej Minich,AfD,,1987.0,,m,Wirtschaftsingenieur,-8.5088825,4.6013556
145984,Boris Mijatović,BÜNDNIS 90/­DIE GRÜNEN,MdB,1974.0,,m,Politikwissenschaftler,8.425292,2.8281894
79129,Irene Mihalic,BÜNDNIS 90/­DIE GRÜNEN,MdB,1976.0,Dr.,f,Polizeibeamtin,8.559775,2.8679626
175471,Matthias Mieves,SPD,MdB,1985.0,,m,Dipl.-Kaufmann,-0.7004876,-8.089825
79133,Matthias Miersch,SPD,MdB,1968.0,Dr.,m,Jurist,-0.6693276,-8.104132
79132,Mathias Middelberg,CDU/CSU,MdB,1964.0,,m,Studium der Rechtswissenschaften,-0.6504214,-8.038494
168396,Kathrin Michel,SPD,MdB,1963.0,,f,"Industriekauffrau, Personalmanagerin",-0.64285284,-8.083728
145921,Swantje Michaelsen,BÜNDNIS 90/­DIE GRÜNEN,Geschäftsführerin ADFC Hannover,1979.0,,f,,8.509488,2.8246105
183528,Knuth Meyer-Soltau,AfD,Rechtsanwalt/ Justiziar LV AfD NRW / Referent AfD Fraktion LT NRW,1965.0,,m,Rechtsanwalt und Fachanwalt für Strafrecht,-8.380743,4.8356504
78847,Jan Metzler,CDU/CSU,MdB,1981.0,,m,Dipl. Betriebswirt (FH) und MA International Management,-0.67195797,-8.061813
118559,Friedrich Merz,CDU/CSU,MdB,1955.0,,m,Rechtsanwalt,-0.9169996,-8.099648
183186,Stella Merendino,Die Linke,,,,f,,9.543156,7.40491
79135,Michael Meister,CDU/CSU,MdB,1961.0,Dr.,m,Diplom-Mathematiker,-0.9694556,-7.696022
117904,Pascal Meiser,Die Linke,Mitglied des Deutschen Bundestags,1975.0,,m,Diplom-Politikwissenschaftler,9.134444,7.4157677
145703,Danny Meiners,AfD,Metallbaumeister,1979.0,,m,"Metallbaumeister, Schweißfachmann, Stabsunteroffizier a.D. (Nachschub)",-8.470412,4.653967
183154,Tamara Mazzi,Die Linke,Lehrerin/Ratsfrau,1992.0,,f,Lehrerin,9.522047,7.2688227
175888,Volker Mayer-Lay,CDU/CSU,MdB,1981.0,,m,Jurist,-0.6800701,-8.099515
175679,Zoe Mayer,BÜNDNIS 90/­DIE GRÜNEN,MdB,1995.0,Dr.,f,Doktorin der Ingenieurwissenschaften,8.573199,2.9001827
79134,Stephan Mayer,CDU/CSU,MdB,1973.0,,m,Rechtsanwalt,-0.61451787,-7.9833555
180259,Andreas Mayer,AfD,Wissenschaftlicher Referent,1995.0,,m,Luft- und Raumfahrttechnik-Ingenieur,-8.882127,4.311794
145741,Markus Matzerath,AfD,Polizeibeamter,1970.0,,m,,-8.793059,4.705287
79141,Andreas Mattfeldt,CDU/CSU,MdB,1969.0,,m,Industriekaufmann,-0.7174396,-8.064599
79140,Katja Mast,SPD,MdB,1971.0,,f,Bankkauffrau,-0.68451333,-8.056968
121799,Parsa Marvi,SPD,MdB,1982.0,,m,Diplom-Betriebswirt (BA),-0.7389578,-8.091553
174133,Johann Martel,AfD,Technischer Fachwirt,1979.0,,m,"Kfz-Mechaniker, Technischer Fachwirt",-8.354201,4.7538414
30917,Holger Mann,SPD,MdB,1979.0,,m,M.A. Politikwissenschaften,-0.6960196,-8.065113
146837,Isabel Mackensen-Geis,SPD,MdB,1986.0,,f,Fachreferentin / Politikwissenschaftlerin,-0.65919197,-8.051795
175863,Klaus Mack,CDU/CSU,MdB,1973.0,,m,Diplom Verwaltungswirt (FH),-0.6876036,-8.096547
110102,Tanja Machalet,SPD,MdB,1974.0,Dr.,f,Dipl. Volkswirtin,-0.72668827,-8.064608
123031,Sebastian Maack,AfD,Bezirksstadtrat,1969.0,,m,Diplom Wirtschaftsingenieur,-8.506455,4.8774686
118131,Anna Lührmann,BÜNDNIS 90/­DIE GRÜNEN,Juniorprofessorin (Uni Göteborg),1983.0,Dr.,f,Politikwissenschaftlerin,8.151967,2.8595107
175406,Bettina Lugk,SPD,Bundestagsabgeordnete,1982.0,,f,"Geowissenschaftlerin, Verwaltungsfachwirtin",-0.6590343,-8.1200285
30789,Saskia Ludwig,CDU/CSU,MdL,1968.0,Dr.,f,Diplom-Kauffrau,-2.0394335,-7.2479205
79146,Daniela Ludwig,CDU/CSU,MdB,1975.0,,f,Diplom-Juristin Univ,-0.6646369,-8.067982
79147,Jan-Marco Luczak,CDU/CSU,MdB,1975.0,Dr.,m,"Jurist, Rechtsanwalt",-0.6368715,-8.134257
175624,Max Lucks,BÜNDNIS 90/­DIE GRÜNEN,MdB,1997.0,,m,B.A. Sozialwissenschaften,7.121942,3.8184655
145742,Rüdiger Lucassen,AfD,"MdB, Obmann im Verteidigungsausschuss",1951.0,,m,Wirschafts- und Organisationswissenschaften (Dipl.-Kfm.),-8.841597,4.486066
175557,Denise Loop,BÜNDNIS 90/­DIE GRÜNEN,Angestellte im öffentlichen Dienst,1994.0,,f,Sozialarbeiterin,8.302677,2.5905914
79150,Patricia Lips,CDU/CSU,MdB,1963.0,,f,Handelsfachwirtin,-0.5948763,-8.032514
79149,Carsten Linnemann,CDU/CSU,MdB,1977.0,,m,Diplom-Volkswirt,-0.6886403,-7.9899516
79192,Andrea Lindholz,CDU/CSU,MdB,1970.0,,f,Rechtsanwältin,-0.7026159,-8.066208
146804,Helge Lindh,SPD,,,,m,,-0.67139816,-8.027661
136080,Helge Limburg,BÜNDNIS 90/­DIE GRÜNEN,,,,m,,8.516126,2.850271
138463,Esra Limbacher,SPD,Mdb,1989.0,,m,Jurist,-0.6505441,-7.969024
79194,Andreas Lenz,CDU/CSU,MdB,1981.0,Dr.,m,Diplom-Betriebswirt,-0.7461991,-8.041605
175959,Sascha Lensing,AfD,"Polizeibeamter, Kriminalhauptkommissar",1973.0,,m,Polizeivollzugsbeamter,-8.451364,4.784324
183114,Rebecca Lenhard,BÜNDNIS 90/­DIE GRÜNEN,Selbstständige IT-Beraterin,1995.0,,f,Informatik B.Sc.,8.579959,2.8244877
79199,Steffi Lemke,BÜNDNIS 90/­DIE GRÜNEN,Mitglied des Deutschen Bundestages,1968.0,,f,Zootechnikerin,8.471979,2.8351963
175323,Sonja Lemke,Die Linke,,1991.0,,f,,9.8996525,7.8979187
145948,Sven Lehmann,BÜNDNIS 90/­DIE GRÜNEN,MdB,1979.0,,m,Politikwissenschaftler (M.A.),7.899706,3.0236943
118790,Jens Lehmann,CDU/CSU,MdB,1967.0,,m,Instandhaltungsmechaniker und staatl. geprüfter Erzieher,-0.6853836,-8.064309
79205,Caren Lay,Die Linke,Bundestagsabgeordnete,1972.0,,f,Dipl.-Soziologin,9.741097,7.9151106
79215,Karl Lauterbach,SPD,"Bundesminister für Gesundheit, MdB",1963.0,Prof. Dr.,m,,-0.83768374,-7.952576
78812,Silke Launert,CDU/CSU,MdB,1976.0,Dr.,f,Juristin,-0.7118544,-8.003351
122336,Ina Latendorf,Die Linke,Mitglied des Bundestags,1971.0,,f,Juristin,9.896626,7.9088826
130072,Armin Laschet,CDU/CSU,MdB,1961.0,,m,Jurist,-0.5927434,-7.96082
79214,Ulrich Lange,CDU/CSU,MdB,1969.0,,m,Rechtsanwalt,-0.6445432,-8.053361
164990,Ricarda Lang,BÜNDNIS 90/­DIE GRÜNEN,MdB,1994.0,,f,,8.473719,2.8112657
159482,Pierre Lamely,AfD,Selbstständig in Sportberichterstattung und -organisation,1981.0,,m,Heizungs- und Lüftungsmonteur,-8.313027,4.7020884
168310,Thomas Ladzinski,AfD,Berater im IT Projektmanagement,1989.0,,m,Diplom-Ingenieur,-8.404497,4.8160753
183522,Anna Leonore Labitzke Rathert,AfD,Rechtsanwältin,1977.0,Dr.,f,Rechtsanwältin,-8.400726,4.7774506
178656,Jan Krampe,Die Linke,KFZ-Mechatroniker,1997.0,,m,KFZ-Mechatroniker,9.747071,7.791744
165168,Konrad Körner,CDU/CSU,Rechtsanwalt,1992.0,Dr.,m,"Rechtsassessor (Ass.iur), Master of Laws (LL.M.)",-0.65912193,-8.0081835
79238,Carsten Körber,CDU/CSU,MdB,1979.0,,m,Studium der Politikwissenschaft und Betriebswirtschaft,-0.7148503,-7.9922376
121468,Jörn König,AfD,MdB,1967.0,,m,Dipl.-Ing. Elektrotechnik (MBA),-8.775702,4.717624
175831,Anne König,CDU/CSU,MdB,1984.0,,f,Gesamtschulrektorin,-0.8337756,-7.8082943
182820,Daniel Kölbl,CDU/CSU,Firmenkundenbetreuer bei einem deutschen Kreditinstitut,,,m,Bankkaufmann mit Masterabschluss,-0.6789136,-8.012331
184033,Cansın Köktürk,Die Linke,Mitglied des deutschen Bundestages,1993.0,,f,"Sozialarbeiterin, Autorin",8.841491,7.1163173
145845,Achim Köhler,AfD,Angestellter im öffentl. Dienst,1964.0,,m,,-8.252456,4.641558
145841,Jürgen Kögel,AfD,,1958.0,,m,"Dipl.Bankbetriebswirt ADG, Master-Studium",-7.702209,4.9883757
29490,Tilman Kuban,CDU/CSU,MdB,1987.0,,m,Studium der Rechtswissenschaft,-0.698431,-7.9756947
175467,Martin Kröber,SPD,MdB,1992.0,,m,,-0.7163607,-4.921244
79227,Günter Krings,CDU/CSU,MdB,1969.0,Dr.,m,Studium der Rechtswissenschaften,-0.6838643,-8.034518
122755,Lukas Krieger,CDU/CSU,,1987.0,,m,Rechtswissenschaften,-0.62302256,-8.064218
79226,Gunther Krichbaum,CDU/CSU,MdB,1964.0,,m,Jurist,-0.6725253,-8.235192
149682,Dunja Kreiser,SPD,MdB,1971.0,,f,Abwassermeisterin,-0.67887956,-8.099451
184318,Manuel Johannes Krauthausen,AfD,Schornsteinfeger,1992.0,,m,,-8.396364,4.1780143
79223,Anette Kramme,SPD,MdB,1967.0,,f,Rechtsanwältin,-0.6929464,-7.949755
165152,Maximilian Krah,AfD,MdEP,1977.0,,m,,-8.775369,4.3692527
145830,Rainer Kraft,AfD,MdB,1974.0,Dr.,m,Promovierter Diplom-Chemiker,-8.378917,4.294145
122834,Ferat Koçak,Die Linke,Mitglied des Abgeordnetenhauses Berlin,1979.0,,m,Diplom-Volkswirt,9.60856,7.8254547
31221,Steffen Kotré,AfD,MdB,1971.0,,m,Diplom-Ingenieur,-7.8439684,3.9007576
175003,Thomas Korell,AfD,,1983.0,,m,,-8.512352,4.815121
182878,Stefan Korbach,CDU/CSU,,,,m,Diplom-Kaufmann,-0.6887287,-8.073519
175543,Chantal Kopf,BÜNDNIS 90/­DIE GRÜNEN,MdB,1995.0,,f,M.A. in Politikwissenschaft,8.900551,2.7995176
79237,Markus Koob,CDU/CSU,MdB,1977.0,,m,Studium der Politikwissenschaften,-0.6971889,-7.8837643
123532,Enrico Komning,AfD,MdB,1968.0,,m,Fachanwalt,-8.413092,4.775309
141591,Hans Koller,CDU/CSU,,,,m,,-0.6942526,-7.9002385
79234,Bärbel Kofler,SPD,MdB,1967.0,Dr.,f,"Sprachwissenschaftlerin, Dipl. Informatikerin (FH), Bankkauffrau",-0.70233667,-8.016881
108585,Heinrich Koch,AfD,,1962.0,,m,,-8.347072,4.791257
79239,Axel Knoerig,CDU/CSU,MdB,1967.0,,m,Magister in Politikwissenschaft mit Schwerpunkt Kommunal- und Verwaltungswissenschaften,-0.7529682,-8.097576
184317,Sieghard Knodel,fraktionslos,"Betriebswirt, Landmaschinenmechanikermeister",1961.0,,m,,2.3767471,-1.4657184
177535,Maximilian Kneller,AfD,,,,m,,-8.861239,3.9582589
175503,Tim Klüssendorf,SPD,Referent des Bürgermeisters,1991.0,,m,Volks- und Betriebswirt,-0.7049006,-8.057665
110066,Julia Klöckner,CDU/CSU,MdB,1972.0,,f,Theologin und Politikwissenschaftlerin (M.A.),-0.6805803,-8.013737
175401,Annika Klose,SPD,MdB,1992.0,,f,Sozialwissenschaftlerin,-0.6133507,-8.080093
79241,Lars Klingbeil,SPD,"MdB, Generalsekretär",1978.0,,m,"Studium der Politischen Wissenschaft, der Soziologie und der Geschichte (M.A.)",-0.9064638,-8.1920395
178160,Kurt Klaus Kleinschmidt,AfD,Berufssoldat a.D.,1967.0,,m,,-8.364647,4.649595
175877,Ottilie Klein,CDU/CSU,MdB,1984.0,Dr.,f,,-0.64919394,-8.10312
175433,Helmut Kleebank,SPD,MdB,1964.0,,m,"Lehramt (Mathematik, Physik), Krankenpfleger",-0.6216385,-8.036611
79242,Georg Kippels,CDU/CSU,MdB,1959.0,Dr.,m,Rechtsanwalt,-0.68466264,-8.080969
145902,Michael Kießling,CDU/CSU,MdB,1973.0,,m,Dipl. Bauingenier (FH),-0.7315384,-8.063481
79246,Roderich Kiesewetter,CDU/CSU,MdB,1963.0,,m,Oberst a.D./ Dipl. Kaufmann,-0.71113026,-7.849112
146003,Misbah Khan,BÜNDNIS 90/­DIE GRÜNEN,Bildungsreferentin im Landesjugendamt RLP im Bereich religiös begründete Radikalisierung,1989.0,,f,Politikwissenschaftlerin,8.590451,2.8899157
179277,Rocco Kever,AfD,,,,m,,-8.407671,4.8024096
147331,Stefan Keuter,AfD,MdB,1972.0,,m,Bankkaufmann und Diplom-Betriebswirt (FH),-8.926451,4.686719
146793,Franziska Kersten,SPD,MdB,1968.0,Dr.,f,Tierärztin,-0.6499553,-8.098509
177565,Martina Kempf,AfD,Mutter von drei Kindern,1964.0,,f,"Juristin, Zusatzqualifikation Umweltschutzexpertin Europa",-8.1756,5.485156
175629,Michael Kellner,BÜNDNIS 90/­DIE GRÜNEN,Bundestagsabgeordneter und Parlamentarischer Staatssekretär,1977.0,,m,Politikwissenschaftler,8.404264,2.8924317
121837,Michael Kaufmann,AfD,MdB,1964.0,Prof. Dr.,m,Ingenieur,-10.253149,6.3635793
145844,Malte Kaufmann,AfD,MdB,1976.0,Dr.,m,Diplom-Volkswirt,-8.62611,4.2482553
79249,Anja Karliczek,CDU/CSU,MdB,1971.0,,f,Diplom-Kauffrau,-0.69724333,-8.045255
121602,Macit Karaahmetoğlu,SPD,MdB,1968.0,,m,Jurist,-0.67928684,-8.055316
73426,Kirsten Kappert-Gonther,BÜNDNIS 90/­DIE GRÜNEN,MdB,1966.0,Dr.,f,Fachärztin für Psychiatrie und Psychotherapie,8.517257,2.8639605
182859,Nicklas Kappe,CDU/CSU,,,,m,Chemieingeneur (M.Sc.),-0.5929871,-7.9327993
118997,Maren Kaminski,Die Linke,Gewerkschaftssekretärin,1979.0,,f,Sozialwissenschaftlerin,9.900834,7.855612
146830,Elisabeth Kaiser,SPD,"MdB, Parlamentarische Staatssekretärin",1987.0,,f,"Studium der Staatswissenschaften, Politik und Verwaltungswissenschaften",-0.73107547,-8.060198
175603,Lamya Kaddor,BÜNDNIS 90/­DIE GRÜNEN,MdB,1978.0,,f,"Islamwissenschaftlerin, Lehrerin für Islamische Religion, Autorin",8.64747,2.8812504
78859,Oliver Kaczmarek,SPD,MdB,1970.0,,m,1. Staatsexamen für Lehrämter der Sekundarstufen II und I,-0.6677579,-8.049168
183496,Robin Jünger,AfD,Unternehmer,,,m,kaufmännische Ausbildung,-8.257315,4.489351
175588,Julian Joswig,BÜNDNIS 90/­DIE GRÜNEN,Mitglied des Bundestages,,,m,Wirtschaftswissenschaftler,8.40205,2.7532809
182837,Alexander Jordan,CDU/CSU,Standortleiter Automobilentwicklung,1981.0,,m,Dipl.-Ing. (FH) Elektrotechnik / Informationstechnik,-0.6412767,-8.0217285
79277,Thomas Jarzombek,CDU/CSU,MdB,1973.0,,m,IT-Berater,-0.60653186,-8.044272
175830,Anne Janssen,CDU/CSU,MdB,1982.0,,f,Bachelor und Master of Arts,-0.65996575,-8.05729
175967,Steffen Janich,AfD,MdB,1971.0,,m,Polizeibeamter,-8.985678,5.4896693
147218,Fabian Jacobi,AfD,MdB,1973.0,,m,Rechtsanwalt,-8.4339,4.6903157
183177,Cem Ince,Die Linke,Elektroniker für Automatisierungstechnik,,,m,,10.010291,7.9150343
145791,Nicole Höchst,AfD,MdB,1970.0,,f,Lehrerin,-8.492728,6.128758
175922,Gerrit Huy,AfD,MdB,1953.0,,f,Dipl.-Mathematikerin,-7.8833156,2.8504472
175512,Verena Hubertz,SPD,MdB,1987.0,,f,Studium der Betriebswirtschaftlehre,-0.76128954,-7.9540567
183224,Luke Hoß,Die Linke,Student Rechtswissenschaft,2001.0,,m,,9.872534,7.911308
146856,Jasmina Hostert,SPD,MdB,1982.0,,f,Politikwissenschaftlerin,-0.7180387,-7.8136544
29094,Michael Hose,CDU/CSU,Schulleiter,1984.0,,m,Gymnasiallehrer für Geschichte und Sozialkunde,-0.6855543,-8.088853
175851,Franziska Hoppermann,CDU/CSU,MdB,1982.0,,f,Diplom-Kauffrau,-0.6651212,-8.036548
79293,Hendrik Hoppenstedt,CDU/CSU,MdB,1972.0,,m,Studium der Rechtswissenschaften,-0.67870367,-8.07194
123559,Leif-Erik Holm,AfD,MdB,1970.0,,m,Ökonom M. Sc.,-8.370724,4.3007374
79294,Anton Hofreiter,BÜNDNIS 90/­DIE GRÜNEN,"MdB, Vorsitzender des Ausschusses für die Angelegenheiten der Europäischen Union",1970.0,,m,Promovierter Biologe,8.639311,2.9213996
138330,Philip Hoffmann,CDU/CSU,Volkswirt,1988.0,,m,"Volkswirt, M.A in European Economic Studies, M.Sc. in Banking and Finance",-0.6547368,-8.0798645
79295,Alexander Hoffmann,CDU/CSU,MdB,1975.0,,m,Rechtsanwalt,-0.6996399,-8.009697
78865,Christian Hirte,CDU/CSU,MdB,1976.0,,m,Rechtsanwalt und Fachanwalt für Steuerrecht,-0.6219584,-8.250397
145754,Karsten Hilse,AfD,MdB,1964.0,,m,Waffenmeister,-9.0926485,6.6786356
184316,Olaf Hilmer,AfD,,1972.0,,m,,-8.727033,4.7707996
182897,Matthias Hiller,CDU/CSU,Steuerberater und Professor,1985.0,Prof. Dr.,m,Diplom Ökonom ,-0.6644012,-8.216175
142212,Susanne Hierl,CDU/CSU,MdB,1973.0,,f,Rechtsanwältin,-0.66265696,-8.22998
183031,Moritz Heuberger,BÜNDNIS 90/­DIE GRÜNEN,Beamter (Digitale Verwaltung),1991.0,Dr.,m,Verwaltungswissenschaftler,9.199254,2.8803241
175432,Heike Heubach,SPD,MdB,1979.0,,f,Industriekauffrau,-0.64589024,-8.198254
179923,Nicole Hess,AfD,Flugbegleiterin ,1973.0,,f,"Industriekauffrau, Sprecherin, Moderatorin ",-8.676698,4.747043
145840,Martin Hess,AfD,MdB,1971.0,,m,Polizeibeamter,-8.1144705,4.169514
175476,Nadine Heselhaus,SPD,Gemeindeprüferin,1978.0,,f,Diplom-Verwaltungswirtin (FH),-0.6829689,-8.300022
183279,Mareike Hermeier,Die Linke,Einkäuferin ,1989.0,,f,Kauffrau im Großhandel ,10.179135,7.4387937
182885,Diana Herbstreuth,CDU/CSU,Leiterin des Stabsbüros des Logistikkommandos der Bundeswehr,1981.0,,f,Oberstleutnant,-0.6603602,-8.244893
149381,Stefan Henze,AfD,,1965.0,,m,EDV-Finanzbuchhalter,-8.69415,4.7379785
145874,Marc Henrichmann,CDU/CSU,MdB,1976.0,,m,Volljurist,-0.61160344,-8.27781
145749,Udo Hemmelgarn,AfD,MdB,1959.0,,m,,-5.688608,5.7316933
79299,Mark Helfrich,CDU/CSU,MdB,1978.0,,m,Diplom-Kaufmann (FH),-0.67866063,-8.245505
145751,Matthias Helferich,AfD,Bundestagsabgeordneter,1988.0,,m,Rechtsanwalt,-8.252766,3.9220796
66491,Linda Heitmann,BÜNDNIS 90/­DIE GRÜNEN,Geschäftsführerin in der Suchtkrankenhilfe,1982.0,,f,Dipl. Politologin,8.721652,2.8105412
79320,Gabriela Heinrich,SPD,Bundestagsabgeordnete,1963.0,,f,Dipl.-Medienberaterin,-0.646568,-8.213955
136025,Frauke Heiligenstadt,SPD,MdB,1966.0,,f,Diplom-Verwaltungswirtin,-0.6448943,-8.229242
79316,Hubertus Heil,SPD,"Bundesminister für Arbeit und Soziales, MdB",1972.0,,m,Politikwissenschaftler,-0.7738991,-7.8879523
79317,Mechthild Heil,CDU/CSU,MdB,1961.0,,f,Dipl. Ingenieurin,-0.6799414,-8.216921
79325,Britta Haßelmann,BÜNDNIS 90/­DIE GRÜNEN,MdB,1961.0,,f,Dipl. Sozialarbeiterin,8.7172365,2.7970076
147226,Jochen Haug,AfD,MdB,1973.0,,m,Jurist,-8.593119,4.7873926
79322,Matthias Hauer,CDU/CSU,"Bundestagsabgeordneter, Rechtsanwalt",1977.0,,m,"Volljurist, Fachanwalt für Bank- und Kaptitalmarktrecht",-0.7294769,-8.220155
79326,Sebastian Hartmann,SPD,MdB,1977.0,,m,Organisationsberater,-0.7363116,-8.23364
78863,Jürgen Hardt,CDU/CSU,MdB,1963.0,,m,Dipl. Volkswirt,-0.751306,-8.197937
145714,Mirco Hanker,AfD,,1966.0,,m,Diplom-Kaufmann,-8.7758465,4.7545357
79327,Metin Hakverdi,SPD,MdB,1969.0,,m,Jurist,-0.92264336,-7.7188234
132357,Lars Haise,AfD,Parlamentarischer Referent,1989.0,,m,"Bürokaufmann, Lokführer",-8.575641,4.291371
182892,Heiko Hain,CDU/CSU,,,,m,"Studium Politikwissenschaft, Soziologie und Verwaltungswissenschaft",-0.68831027,-8.251799
158590,Ingo Hahn,AfD,,,Dr.,m,,-8.595161,4.7247543
79329,Florian Hahn,CDU/CSU,MdB,1974.0,,m,Electronic Marketing Fachwirt,-0.6468236,-8.157877
79333,Bettina Hagedorn,SPD,MdB,1955.0,,f,Ausgebildete Goldschmiedin,-0.6506801,-8.267502
79332,Christian Haase,CDU/CSU,MdB,1966.0,,m,Dipl. Verwaltungswirt (FH),-0.38819942,-7.7048063
141210,Ates Gürpinar,Die Linke,Angestellter,1984.0,,m,Medienwissenschaftler,10.204667,8.09113
79335,Fritz Güntzler,CDU/CSU,MdB,1966.0,,m,Studium der BWL und Wirtschaftsprüfer,-0.7977814,-8.23018
175852,Georg Günther,CDU/CSU,Betriebsprüfer,1988.0,,m,Diplom-Finanzwirt (FH),-0.7085397,-8.201841
130691,Serap Güler,CDU/CSU,MdB,1980.0,,f,Studium Germanistik und Kommunikation,-0.7920727,-8.19528
132869,Christian Görke,Die Linke,Bundestagsabgeordneter,1962.0,,m,Lehrer,9.914257,7.9660783
78886,Katrin Göring-Eckardt,BÜNDNIS 90/­DIE GRÜNEN,MdB,1966.0,,f,,8.580532,2.610498
79334,Gregor Gysi,Die Linke,MdB,1948.0,,m,Rechtsanwalt,9.618084,7.4322453
79336,Olav Gutting,CDU/CSU,MdB,1970.0,,m,Rechtsanwalt,-0.7225985,-8.187048
175683,Lena Gumnior,BÜNDNIS 90/­DIE GRÜNEN,Anwältin,1992.0,Dr.,f,Volljuristin,8.544702,2.8444388
28896,Inge Gräßle,CDU/CSU,MdB,1961.0,Dr.,f,"Studium der Romanischen Sprachen, Geschichte und Politikwissenschaft",-0.66991466,-8.221632
158593,Rainer Gross,AfD,Abteilungsdirektor/ Syndikusrechtsanwalt,1960.0,,m,Rechtsanwalt; Certified Estate Planner,-8.671737,4.713114
123558,Christoph Grimm,AfD,Rechtsanwalt,1957.0,,m,Volljurist,-7.4846926,3.9012606
79349,Kerstin Griese,SPD,"MdB, Parlamentarische Staatssekretärin",1966.0,,f,Historikerin,-0.99386156,-7.770284
182883,David Gregosz,CDU/CSU,Unternehmer,1983.0,,m,Doppelstudium Volkswirtschaftslehre und Politikwissenschaft,-0.67499477,-8.263303
175537,Armin Grau,BÜNDNIS 90/­DIE GRÜNEN,"Arzt, MdB",1959.0,Prof. Dr.,m,Neurologe,8.681789,2.750641
123289,Adrian Grasse,CDU/CSU,MdA,1975.0,,m,Industrie- und Diplom-Kaufmann,-0.59722257,-8.2555065
108738,Fabian Gramling,CDU/CSU,MdB,1987.0,,m,Betriebswirt,-0.7238938,-8.310536
174123,Hans-Jürgen Goßner,AfD,Bundestagsabgeordneter,1970.0,,m,,-8.877675,4.616222
66285,Kay Gottschalk,AfD,MdB,1965.0,,m,Diplom-Kaufmann,-9.47216,5.5167522
79353,Nicole Gohlke,Die Linke,MdB,1975.0,,f,Kommunikationswissenschaftlerin,10.146445,7.648153
175923,Hannes Gnauck,AfD,MdB,1991.0,,m,Soldat auf Zeit,-9.792105,5.7846622
79481,Angelika Glöckner,SPD,MdB,1962.0,,f,Verwaltungsfachwirtin,-0.64858717,-8.231661
123018,Ronald Gläser,AfD,MdA,1973.0,,m,"Amerikanist, Journalist",-8.141597,5.176043
183252,Vinzenz Glaser,Die Linke,Sozialarbeiter in der offenen Kinder- und Jugendarbeit,1992.0,,m,Sozialarbeiter,10.142139,7.587985
147328,Jan-Niclas Gesenhues,BÜNDNIS 90/­DIE GRÜNEN,MdB,1990.0,Dr.,m,Volkswirt,8.349606,2.4730196
79356,Martin Gerster,SPD,MdB,1971.0,,m,Politikwissenschaftler,-0.7894333,-8.312285
122857,Katalin Gennburg,Die Linke,MdA,,,f,Philosophie / Urbanistik,9.942558,8.096928
125186,Jonas Geissler,CDU/CSU,MdB und Regierungsrat a.D.,1984.0,Dr.,m,Promotion,-0.6342679,-8.266412
79366,Thomas Gebhart,CDU/CSU,MdB,1971.0,Dr.,m,Studium BWL und Politikwissenschaft,-0.67952675,-8.213524
175891,Wilhelm Gebhard,CDU/CSU,Bundestagsabgeordneter,,,m,Diplom-Kfm.,-0.72427726,-7.8813996
183283,Kathrin Gebel,Die Linke,Studentin ,1997.0,,f,,9.987792,8.088767
31216,Alexander Gauland,AfD,MdB,1941.0,Dr.,m,Jurist,-8.615958,4.0655746
79364,Matthias Gastel,BÜNDNIS 90/­DIE GRÜNEN,MdB,1970.0,,m,"Dipl.-Sozialpädagoge, -Kaufmann",6.6370826,1.6132078
175645,Schahina Gambir,BÜNDNIS 90/­DIE GRÜNEN,"Wirtschafts- und Politikwissenschaftlerin (Bachelor), Gender Studies (Master)",1991.0,,f,Veranstaltungskauffrau,8.6344795,2.8692105
183508,Boris Gamanov,AfD,Geschäftsführer,1986.0,,m,Wirtschaftsfachwirt,-8.681403,4.7151265
182110,Rainer Galla,AfD,,,,m,Jurist,-8.746724,4.566234
79389,Hermann Färber,CDU/CSU,MdB,1963.0,,m,Landwirt,-0.66891474,-8.313542
150288,Götz Frömming,AfD,MdB,1968.0,,m,Studiendirektor,-9.167419,4.660007
108761,Markus Frohnmaier,AfD,MdB,1991.0,,m,Rechtswissenschaft,-8.181563,3.6104627
79370,Michael Frieser,CDU/CSU,MdB,1964.0,,m,Rechtswissenschaften,-0.5473078,-7.8140326
79378,Thorsten Frei,CDU/CSU,MdB,1973.0,,m,Jurist,-0.71000093,-8.230835
182826,Christoph Frauenpreiß,CDU/CSU,,,,m,diplomierter Bankbetriebswirt (FS),-0.6553416,-8.269314
183125,Simone Fischer,BÜNDNIS 90/­DIE GRÜNEN,,1979.0,,f,Diplom-Verwaltungswirtin,8.248109,3.4910862
175925,Hauke Finger,AfD,Referent,1968.0,,m,Bankbetriebswirt,-8.765635,4.796881
175491,Sebastian Fiedler,SPD,MdB,1973.0,,m,,-0.6141154,-8.260206
184038,Katrin Fey,Die Linke,Angestellte der DRK Kinderklinik ,1967.0,,f,Diplom-Sozialpädagogin,10.5323105,8.323244
177546,Thomas Fetsch,AfD,Rechtsanwalt,1969.0,,m,Jurist,-8.710385,4.725942
183497,Jan Feser,AfD,,,,m,,-9.520076,6.163466
145833,Peter Felser,AfD,"MdB, Unternehmer",1969.0,,m,Diplom Pädagoge (univ.),-8.7750635,4.7933927
79391,Uwe Feiler,CDU/CSU,MdB,1965.0,,m,Dipl. Finanzwirt,-0.6655752,-8.179831
183487,Micha Fehre,AfD,Unternehmer & Geschäftsführer,1997.0,,m,,-8.612641,4.7409506
79390,Johannes Fechner,SPD,MdB,1972.0,,m,Jurist,-0.6318187,-8.145941
183267,Fabian Fahl,Die Linke,Wissenschaftlicher Mitarbeiter,1993.0,Dr.,m,Dr. rer. nat. (Geographie),10.198655,8.083251
135391,Nancy Faeser,SPD,,1970.0,,f,,-0.7834861,-8.350604
147569,Michael Espendiller,AfD,MdB,1989.0,Dr.,m,Promovierter Mathematiker,-9.083977,4.6329255
79387,Saskia Esken,SPD,MdB,1961.0,,f,staatl. gepr. Informatikerin,-0.8217383,-8.354323
146813,Wiebke Esdar,SPD,MdB,1984.0,Dr.,f,Promovierte Psychologin,-0.95791274,-7.8012033
182825,Bastian Alfons Ernst,CDU/CSU,Leiter Geschäftsfeldentwicklung,1987.0,,m,Betriebswirt,-0.6212885,-8.232742
145903,Thomas Erndl,CDU/CSU,MdB,1974.0,,m,Diplom Ingenieur (FH) Mikroelektronik,-0.65055287,-8.253258
175872,Martina Englhardt-Kopf,CDU/CSU,MdB,1981.0,,f,Dipl.-Handelslehrerin,-0.6326642,-8.277296
175826,Alexander Engelhard,CDU/CSU,MdB,1972.0,,m,"Müller, Dipl.-Wirtschaftsingenieur",-0.73201996,-8.206516
146042,Marcel Emmerich,BÜNDNIS 90/­DIE GRÜNEN,MdB,1991.0,,m,Wissenschaftlicher Referent,8.710884,2.9128933
182015,Mandy Eißing,Die Linke,Büroleiterin M. Schirdewan Die Linke (MdEP) Thüringen,1976.0,,f,Friseurin,10.176372,8.159049
175496,Sonja Eichwede,SPD,MdB,1987.0,,f,Volljuristin,-0.64348775,-8.14035
175864,Lars Ehm,CDU/CSU,,1976.0,,m,Jurist,-0.68503416,-8.225562
175308,Mirze Edis,Die Linke,Betriebsratsmitglied,1972.0,,m,Stahlschlosser ,9.987478,8.086261
175880,Ralph Edelhäußer,CDU/CSU,MdB,1973.0,,m,,-0.7094146,-8.244726
175610,Leon Eckert,BÜNDNIS 90/­DIE GRÜNEN,Bundestagsabgeordneter,1995.0,,m,Betriebswirt (B.Sc.) & Historiker (B.A.),8.555151,2.9661593
79405,Harald Ebner,BÜNDNIS 90/­DIE GRÜNEN,MdB,1964.0,,m,Diplom-Agraringenieur,8.790542,2.87317
175859,Joachim Ebmeyer,CDU/CSU,Volkswirt,1985.0,,m,Volkswirt,-0.62987715,-8.279818
183515,Tobias Ebenberger,AfD,Social Media - Angestellter,1990.0,,m,,-8.721039,4.6466274
175555,Deborah Düring,BÜNDNIS 90/­DIE GRÜNEN,Studentin Friedens- und Konfliktforschung (Master) & Studentische Hilfskraft bei Survival International,1994.0,,f,Sozialwissenschaftlerin (B.A. Sozialwissenschaft),8.78851,2.6347284
182893,Hülya Düber,CDU/CSU,Sozialreferentin Stadt Würzburg,1978.0,Dr.,f,Volljuristin,-0.67478883,-8.225949
175425,Felix Döring,SPD,MdB,1991.0,,m,Gymnasiallehrer,-0.76882005,-8.18926
183012,Timon Dzienus,BÜNDNIS 90/­DIE GRÜNEN,,,,m,,8.719711,2.946586
79404,Hansjörg Durz,CDU/CSU,MdB,1971.0,,m,Dipl. Kaufmann,-0.6673194,-8.278473
181945,Christopher Drößler,AfD,,1995.0,,m,Polizeibeamter,-9.070965,4.6817408
79403,Katharina Dröge,BÜNDNIS 90/­DIE GRÜNEN,MdB und Fraktionsvorsitzende,1984.0,,f,Diplom-Volkswirtin,8.640045,2.8692672
175424,Falko Droßmann,SPD,MdB,1973.0,,m,"Historiker, Soldat",-0.66389877,-8.293246
179922,Christian Douglas,AfD,,1978.0,,m,,-8.720332,4.764282
182894,Florian Dorn,CDU/CSU,Direktor von EconPol Europe,,Dr.,m,Masterabschluss in Economics,-0.6501336,-8.239846
79397,Michael Donth,CDU/CSU,MdB,1967.0,,m,Dipl.-Verwaltungswirt (FH),-0.6601626,-8.188295
79412,Alexander Dobrindt,CDU/CSU,MdB,1970.0,,m,Diplom-Soziologe,-0.8413291,-8.153829
79411,Sabine Dittmar,SPD,MdB,1964.0,,f,Ärztin,-0.9305512,-6.139042
183145,Jeanne Dillschneider,BÜNDNIS 90/­DIE GRÜNEN,,,,f,Rechtsanwältin,8.710771,2.8238888
146823,Esther Dilcher,SPD,MdB,1965.0,,f,Juristin,-0.9031631,-7.766573
31274,Thomas Dietz,AfD,Bundestagsabgeordneter,1967.0,,m,,-8.863477,4.566511
175438,Jan Dieren,SPD,MdB,1991.0,,m,Jurist,-2.2631757,-4.5619664
29534,Sandra Detzer,BÜNDNIS 90/­DIE GRÜNEN,MdB,1980.0,Dr.,f,Politik- und Volkswirtschaftlerin,8.5872555,2.7079048
110038,Ellen Demuth,CDU/CSU,MdL,1982.0,,f,Diplom-Bertriebswirtin,-0.6956405,-8.259901
175431,Hakan Demir,SPD,MdB,1984.0,,m,Politikwissenschaftler,0.8014545,-7.63266
119861,Janosch Dahmen,BÜNDNIS 90/­DIE GRÜNEN,MdB & Notfallmediziner,1981.0,Dr.,m,Arzt,8.137467,2.3453937
182902,Wolfgang Dahler,CDU/CSU,Rechtsanwalt,1975.0,,m,Studium der Rechtswissenschaft,-0.65468067,-8.178461
141110,Gottfried Curio,AfD,MdB,1960.0,,m,"Diplom-Mathematiker, Diplom-Physiker",-8.646586,4.800313
121492,Jürgen Coße,SPD,MdB,1969.0,,m,Bürokaufmann,-1.9885825,-7.418324
183230,Agnes Maria Conrad,Die Linke,Bundestagsabgeordnete ,1997.0,,f,"Referentin Konzernbetriebsrat, Bachelor Politikwissenschaften & Soziologie",10.0284195,8.081879
79418,Gitta Connemann,CDU/CSU,MdB,1964.0,,f,"Rechtsanwältin, Verkäuferin",-0.65159506,-8.223119
145755,Tino Chrupalla,AfD,MdB,1975.0,,m,Maler- und Lackierermeister,-8.503597,5.322063
146135,Jörg Cezanne,Die Linke,Mitglied des Bundestags,1958.0,,m,Soziologe,10.191687,8.045939
79416,Lars Castellucci,SPD,MdB,1974.0,Prof. Dr.,m,"Professor für Nachhaltiges Management, Integrations- und Diversity Management",-0.5731384,-8.221225
182819,Sandra Carstensen,CDU/CSU,Personalleiterin,,,f,Juristin,-0.57929343,-8.187138
175436,Isabel Cademartori,SPD,MdB,1988.0,,f,B.Sc. Betriebswirtschaftslehre & M.Sc. Wirtschaftspädagogik,-0.6748873,-8.173094
175334,Clara Bünger,Die Linke,Abgeordnete,1986.0,,f,Volljuristin,10.1491585,8.0004225
150299,Marcus Bühl,AfD,"MdB, selbstständig im Bereich Neue Medien",1977.0,,m,Dipl. Informatiker,-10.462845,6.6103983
182866,Benedikt Büdenbender,CDU/CSU,Kommunikationsberater,1989.0,,m,,-0.6839775,-8.217457
175138,Janina Böttger,Die Linke,Wissenschaftliche Referentin,1982.0,,f,Europäische Diplom-Verwaltungsmanagerin,10.153196,7.879739
120205,Karl Bär,BÜNDNIS 90/­DIE GRÜNEN,,1985.0,,m,,8.860696,2.8264086
79468,Dorothee Bär,CDU/CSU,MdB,1978.0,,f,Diplom-Politologin,-0.6971357,-8.561678
175892,Yannick Bury,CDU/CSU,MdB,1990.0,,m,Master of Science VWL,-0.5882873,-4.3603845
179348,Maik Brückner,Die Linke,Angestellter,1992.0,,m,"Mediengestalter, Branding Designer M.A.",10.159696,8.164991
175870,Marlon Bröhr,CDU/CSU,Landrat des Rhein-Hunsrück-Kreises,1974.0,Dr.,m,Zahnarzt,-0.6640637,-8.222387
78878,Agnieszka Brugger,BÜNDNIS 90/­DIE GRÜNEN,MdB und Stellvertretende Fraktionsvorsitzende,1985.0,,f,"Politikwissenschaft, Philosophie und Öffentliches Recht",8.82058,2.6798942
184131,Erhard Brucker,AfD,,,,m,,-9.155208,4.4559484
175676,Victoria Broßart,BÜNDNIS 90/­DIE GRÜNEN,Ingenieurin,1992.0,,f,B.Eng. Elektrotechnik/Automation,8.153222,2.34516
145870,Carsten Brodesser,CDU/CSU,MdB,1967.0,Dr.,m,Diplom-Volkswirt,-0.6625077,-8.24068
182830,Lutz Brinkmann,CDU/CSU,,1975.0,,m,selbst. Dipl. Bauingenieur,-0.66284513,-8.2879095
79434,Ralph Brinkhaus,CDU/CSU,MdB,1968.0,,m,"Diplom-Ökonom, Steuerberater",-0.62932986,-8.254255
183172,Anne-Mieke Bremer,Die Linke,Schulsozialarbeiterin,1991.0,,f,Sozialarbeiterin,9.678588,7.608112
145863,Silvia Breher,CDU/CSU,MdB,1973.0,,f,Juristin,-0.62136346,-8.24044
79429,Franziska Brantner,BÜNDNIS 90/­DIE GRÜNEN,MdB,1979.0,Dr.,f,Promotion Politik,8.421633,2.5248518
32337,Stephan Brandner,AfD,MdB,1966.0,,m,Rechtsanwalt und Industriekaufmann,-8.724473,4.6258836
79427,Reinhard Brandl,CDU/CSU,MdB,1977.0,Dr.,m,Dipl. Wirtschaftsingenieur,-0.5712153,-8.221896
175915,Dirk Brandes,AfD,Fraktionsgeschäftsführer,1974.0,,m,"Betriebswirt VWL, Industriekaufmann",-8.550173,5.7230887
78881,Michael Brand,CDU/CSU,Mitglied Deutscher Bundestag,1973.0,,m,"Studium der Politikwissenschaft, Geschichte und Rechtswissenschaft",-0.5938408,-8.239468
170159,Torben Braga,AfD,Parlamentarischer Berater,1991.0,,m,M.A. Politikwissenschaft,-9.0686865,5.957968
179823,Frederik Bouffier,CDU/CSU,MdB,1990.0,,m,Rechtsanwalt,-0.6336052,-8.217827
184315,Jorrit Bosch,Die Linke,,1997.0,,m,,10.561461,8.242327
182852,Caroline Bosbach,CDU/CSU,,,,f,Studium Wirtschaftskommunikation,-0.6630442,-8.238806
165049,Simone Borchardt,CDU/CSU,MdB | gesundheitspolitische Sprecherin der CDU/CSU-Bundestagsfraktion,1967.0,,f,Master of Health Business Administration,-0.6874592,-8.208637
182942,Hendrik Bollmann,SPD,Oberstudienrat,1982.0,,m,,-0.6516016,-8.236695
147321,Gereon Bollmann,AfD,"Richter am Oberlandesgericht (a.D.), MdB",1953.0,,m,Jurist,-8.736357,5.751289
130612,Peter Bohnhof,AfD,Selbstständiger Rechtsanwalt,1962.0,,m,,-8.252847,4.156194
145817,Peter Boehringer,AfD,MdB,1969.0,,m,Diplom Informatiker und Kaufmann,-8.571419,4.6368885
182817,Leif Bodin,CDU/CSU,"Jurist, Mitarbeiter bei Abgeordneten",1996.0,,m,Jurist,-0.67792904,-8.256881
159437,Violetta Bock,Die Linke,Geschäftsführerin,1987.0,,f,MA Global Political Economy,10.073137,7.548155
168306,René Bochmann,AfD,MdB,1969.0,,m,Bürokaufmann,-9.294916,5.3303256
174144,Michael Blos,AfD,"Umwelt- und Ingenieurgeologe, Geowissenschaftler",1976.0,Dr.,m,Diplom-Geologe,-8.657861,4.7226357
175933,Joachim Bloch,AfD,,,,m,,-8.720592,4.760186
145789,Andreas Bleck,AfD,,1988.0,,m,,-8.702311,4.689676
175437,Jakob Blankenburg,SPD,MdB,1997.0,,m,"Politikwissenschaft, B.A.",-0.70058596,-8.256141
165159,Christoph Birghan,AfD,,,Dr.,m,,-8.73256,4.7185802
175849,Florian Bilic,CDU/CSU,Hauptgeschäftsführer Pfälzerwald-Verein,1994.0,,m,,-0.70257777,-8.273746
79444,Steffen Bilger,CDU/CSU,MdB,1979.0,,m,Volljurist,-0.68858546,-8.239033
145893,Marc Biadacz,CDU/CSU,MdB,1979.0,,m,Sozialwissenschaftler (M.A.),-0.7223917,-8.222473
79446,Peter Beyer,CDU/CSU,MdB,1970.0,,m,Studium der Rechtswissenschaften,-0.6376489,-8.142074
146046,Lorenz Gösta Beutin,Die Linke,,1978.0,,m,M.A. Historiker,9.521481,7.561419
182947,Daniel Bettermann,SPD,Angestellter,1980.0,,m,Masterabschluss Politikwissenschaften,-0.70552903,-8.258844
31218,Birgit Bessin,AfD,MdL,1978.0,,f,Wirtschaftsjuristin,-8.791638,4.5719357
145860,Melanie Bernstein,CDU/CSU,MdB,1976.0,,f,Kulturwissenschaftlerin,-0.6731829,-8.262364
108754,Marc Bernhard,AfD,MdB,,,m,"Rechtsanwalt, MBA",-8.629101,6.566338
130480,Lukas Benner,BÜNDNIS 90/­DIE GRÜNEN,Doktorand,1996.0,,m,Jurist,8.686441,2.7103026
178435,Jens Behrens,SPD,Filialleiter Sparkasse Hellweg Lippe,1978.0,,m,Bankkaufmann,-0.6481232,-8.222158
178606,Sascha van Beek,CDU/CSU,"Beauftragter für Kommunen und Kooperationen, SL NaturEnergie",1983.0,,m,"Gesundheits- und Krankenpfleger, MSc Disaster Healthcare",-0.70224774,-7.498374
180058,Desiree Becker,Die Linke,Gewerkschaftssekretärin,1994.0,,f,,10.117894,8.152803
177567,Carsten Becker,AfD,Facharbeiter,1990.0,,m,Elektroniker für Betriebstechnik,-8.474823,4.3874936
175596,Katharina Beck,BÜNDNIS 90/­DIE GRÜNEN,Unternehmensberaterin für Nachhaltigkeit,1982.0,,f,"Diplom Regionalwissenschaftlerin, Finanzbetriebswirtin (IWW)",8.735489,3.0553439
182891,Günter Baumgartner,CDU/CSU,Vorstandsassistent bei der Sparkasse Rottal-Inn,,,m,,-0.6806535,-8.234003
66273,Bernd Baumann,AfD,MdB,1958.0,Dr.,m,Promotion Wirtschaftswissenschaften,-8.543292,4.7498264
29476,Christina Baum,AfD,MdB,1956.0,Dr.,f,Fachzahnärztin für Allgemeine Stomatologie,-9.527887,6.6971765
183247,Marcel Bauer,Die Linke,,1992.0,,m,"Forstwirt, Natur- und Landschaftspfleger",9.57129,7.409912
79455,Bärbel Bas,SPD,MdB,1968.0,,f,Personalmanagement-Ökonomin (VWA),-0.61434156,-8.314726
79454,Dietmar Bartsch,Die Linke,MdB,1958.0,Dr.,m,Wirtschaftswissenschaftler,9.877076,7.933502
78884,Sören Bartol,SPD,MdB,1974.0,,m,Diplom-Politologe,-0.6468907,-8.211335
79465,Thomas Bareiß,CDU/CSU,MdB,1975.0,,m,Dipl. Betriebswirt (BA),-0.6053465,-8.405577
145959,Felix Banaszak,BÜNDNIS 90/­DIE GRÜNEN,MdB,1989.0,,m,Sozial- und Kulturanthropologie & Politikwissenschaften,8.581679,2.8196511
183520,Adam Balten,AfD,Senior Supporter Products,1983.0,,m,Mechatronik-Ingenieur,-8.79253,4.62913
175416,Daniel Baldy,SPD,,1994.0,,m,Lehrer für Gymnasien,-0.6602519,-8.43532
120254,Lisa Badum,BÜNDNIS 90/­DIE GRÜNEN,MdB,1983.0,,f,Politikwissenschaftlerin,9.033158,2.8678863
175907,Carolin Bachmann,AfD,MdB,1988.0,,f,ausgebildete Investmendfondsmanagerin Bachelor Business Administration,-9.418068,6.618828
165055,Cornell-Anette Babendererde,CDU/CSU,"Stellv. Referatsleiterin im Niedersächsischen Ministerium für Wirtschaft, Arbeit, Verkehr und Digitalisierung",1971.0,Dr.,f,Promovierte Historikerin,-1.4612179,-7.483486
120442,Peter Aumer,CDU/CSU,MdB,1976.0,,m,Master of Buisness Administration,-0.6717448,-8.438368
78810,Artur Auernhammer,CDU/CSU,MdB,1963.0,,m,Landwirtschaftsmeister,-0.87868494,-8.534445
175526,Andreas Audretsch,BÜNDNIS 90/­DIE GRÜNEN,MdB,1984.0,,m,Politikwissenschaftler,8.921864,2.8407686
182861,Tijen Ataoğlu,CDU/CSU,"Büroleiterin des Vorsitzenden der CDU-Landtagsfraktion NRW, Thorsten Schick",,,f,Richterin,-0.6885359,-8.541576
183082,Ayse Asar,BÜNDNIS 90/­DIE GRÜNEN,Rechtsanwältin (derzeit nicht tätig),1975.0,,f,Volljuristin,8.927081,2.828962
108373,Alexander Arpaschi,AfD,selbstständiger Immobilienunternehmer,1970.0,,m,"Maschinenbauingenieur, Betriebswirt",-8.857468,4.7867417
183266,Michael „Moses“ Arndt,Die Linke,"Hausarzt, Chefarzt, Autor, Verleger, Unternehmer",1964.0,Dr.,m,"Doktor der Medizin, Arzt",10.793831,8.34103
139271,Luise Amtsberg,BÜNDNIS 90/­DIE GRÜNEN,MdB,1984.0,,f,Islamwissenschaftlerin,8.884102,2.8047683
145862,Philipp Amthor,CDU/CSU,MdB,1992.0,,m,Jurist,-0.60181594,-8.348467
145885,Norbert Maria Altenkamp,CDU/CSU,MdB,1972.0,,m,Diplom Volkswirt,-0.88047683,-8.305885
183004,Alaa Alhamwi,BÜNDNIS 90/­DIE GRÜNEN,MdB,1984.0,Dr.,m,Wissenschaftlicher,8.931516,2.8101323
79476,Stephan Albani,CDU/CSU,MdB,1968.0,,m,Diplom-Physiker,-0.6560651,-8.32971
175486,Reem Alabali Radovan,SPD,MdB,1990.0,,f,Studium der Politikwissenschaften,-0.884744,-8.290153
135459,Tarek Al-Wazir,BÜNDNIS 90/­DIE GRÜNEN,,1971.0,,m,Diplom-Politologe,8.48991,3.1240766
78952,Jan van Aken,Die Linke,Mitglied des Bundestages,1961.0,,m,Biologe,9.520986,7.609395
108563,Gökay Akbulut,Die Linke,,,,f,,9.999073,8.130291
175389,Adis Ahmetović,SPD,MdB,1993.0,,m,Master of Education,-0.6400441,-8.393238
182845,Anna Aeikens,CDU/CSU,Co-Geschäftsführerin,,,f,Bachelor of Applied Science – Agrarökonomie,-0.6624616,-8.448465
146180,Doris Achelwilm,Die Linke,Angestellte,1976.0,,f,Sprachwissenschaftlerin (M.A.),10.259827,8.229059
29084,Knut Abraham,CDU/CSU,MdB,1966.0,,m,Jurist,-0.6830721,-8.487113
175489,Sanae Abdi,SPD,MdB,1986.0,,f,,-0.8268426,-8.294646
